dataset,model,method,seed,epoch,probe_split,batch_index,layer,gate_mode,production_delta_relative_error,applied_gate_norm_ratio
nmnist,snn,dfa_trained,20260830,0,basis_fit,0,hidden_1,actual,5.223297705470032e-08,1.0
nmnist,snn,dfa_trained,20260830,0,basis_fit,0,hidden_2,actual,5.156772786563125e-08,1.0
nmnist,snn,dfa_trained,20260830,0,basis_fit,0,hidden_3,actual,5.0914177762706465e-08,1.0
nmnist,snn,dfa_trained,20260830,0,basis_fit,1,hidden_1,actual,5.240482181534389e-08,1.0
nmnist,snn,dfa_trained,20260830,0,basis_fit,1,hidden_2,actual,5.1604697404172846e-08,1.0
nmnist,snn,dfa_trained,20260830,0,basis_fit,1,hidden_3,actual,5.0825359920736446e-08,1.0
nmnist,snn,dfa_trained,20260830,0,basis_fit,2,hidden_1,actual,5.1363223008138454e-08,1.0
nmnist,snn,dfa_trained,20260830,0,basis_fit,2,hidden_2,actual,5.1568264325396746e-08,1.0
nmnist,snn,dfa_trained,20260830,0,basis_fit,2,hidden_3,actual,5.0710255550256995e-08,1.0
nmnist,snn,dfa_trained,20260830,0,basis_fit,3,hidden_1,actual,5.1944155643468555e-08,1.0
nmnist,snn,dfa_trained,20260830,0,basis_fit,3,hidden_2,actual,5.1555211655340833e-08,1.0
nmnist,snn,dfa_trained,20260830,0,basis_fit,3,hidden_3,actual,5.0995367928408086e-08,1.0
nmnist,snn,dfa_trained,20260830,0,basis_eval,0,hidden_1,actual,5.0770406545552766e-08,1.0
nmnist,snn,dfa_trained,20260830,0,basis_eval,0,hidden_2,actual,5.1563539216203935e-08,1.0
nmnist,snn,dfa_trained,20260830,0,basis_eval,0,hidden_3,actual,5.111769496579655e-08,1.0
nmnist,snn,dfa_trained,20260830,0,basis_eval,1,hidden_1,actual,5.167461836208531e-08,1.0
nmnist,snn,dfa_trained,20260830,0,basis_eval,1,hidden_2,actual,5.1505864462342294e-08,1.0
nmnist,snn,dfa_trained,20260830,0,basis_eval,1,hidden_3,actual,5.088940469022418e-08,1.0
nmnist,snn,dfa_trained,20260830,0,basis_eval,2,hidden_1,actual,5.195207819497227e-08,1.0
nmnist,snn,dfa_trained,20260830,0,basis_eval,2,hidden_2,actual,5.1555566926708714e-08,1.0
nmnist,snn,dfa_trained,20260830,0,basis_eval,2,hidden_3,actual,5.08263902077033e-08,1.0
nmnist,snn,dfa_trained,20260830,0,basis_eval,3,hidden_1,actual,5.0570427845286765e-08,1.0
nmnist,snn,dfa_trained,20260830,0,basis_eval,3,hidden_2,actual,5.160228866429861e-08,1.0
nmnist,snn,dfa_trained,20260830,0,basis_eval,3,hidden_3,actual,5.102280553614946e-08,1.0
nmnist,snn,dfa_trained,20260830,10,basis_fit,0,hidden_1,actual,5.047665041502115e-08,1.0
nmnist,snn,dfa_trained,20260830,10,basis_fit,0,hidden_2,actual,5.180215723044058e-08,1.0
nmnist,snn,dfa_trained,20260830,10,basis_fit,0,hidden_3,actual,5.239911615717575e-08,1.0
nmnist,snn,dfa_trained,20260830,10,basis_fit,1,hidden_1,actual,5.1480487428534616e-08,1.0
nmnist,snn,dfa_trained,20260830,10,basis_fit,1,hidden_2,actual,5.133412628310907e-08,1.0
nmnist,snn,dfa_trained,20260830,10,basis_fit,1,hidden_3,actual,5.110392464757752e-08,1.0
nmnist,snn,dfa_trained,20260830,10,basis_fit,2,hidden_1,actual,5.188277185652623e-08,1.0
nmnist,snn,dfa_trained,20260830,10,basis_fit,2,hidden_2,actual,5.181476936400031e-08,1.0
nmnist,snn,dfa_trained,20260830,10,basis_fit,2,hidden_3,actual,5.032476124711138e-08,1.0
nmnist,snn,dfa_trained,20260830,10,basis_fit,3,hidden_1,actual,5.0939068074740135e-08,1.0
nmnist,snn,dfa_trained,20260830,10,basis_fit,3,hidden_2,actual,5.2159773389348636e-08,1.0
nmnist,snn,dfa_trained,20260830,10,basis_fit,3,hidden_3,actual,5.05581887466633e-08,1.0
nmnist,snn,dfa_trained,20260830,10,basis_eval,0,hidden_1,actual,5.086029375434009e-08,1.0
nmnist,snn,dfa_trained,20260830,10,basis_eval,0,hidden_2,actual,5.2262965510863075e-08,1.0
nmnist,snn,dfa_trained,20260830,10,basis_eval,0,hidden_3,actual,5.168080718931378e-08,1.0
nmnist,snn,dfa_trained,20260830,10,basis_eval,1,hidden_1,actual,5.3768697938494376e-08,1.0
nmnist,snn,dfa_trained,20260830,10,basis_eval,1,hidden_2,actual,5.1302773584893664e-08,1.0
nmnist,snn,dfa_trained,20260830,10,basis_eval,1,hidden_3,actual,5.181275852805811e-08,1.0
nmnist,snn,dfa_trained,20260830,10,basis_eval,2,hidden_1,actual,5.1367766928933634e-08,1.0
nmnist,snn,dfa_trained,20260830,10,basis_eval,2,hidden_2,actual,5.1057739369753115e-08,1.0
nmnist,snn,dfa_trained,20260830,10,basis_eval,2,hidden_3,actual,5.1631662500994935e-08,1.0
nmnist,snn,dfa_trained,20260830,10,basis_eval,3,hidden_1,actual,5.1983352733486754e-08,1.0
nmnist,snn,dfa_trained,20260830,10,basis_eval,3,hidden_2,actual,5.1253195465506e-08,1.0
nmnist,snn,dfa_trained,20260830,10,basis_eval,3,hidden_3,actual,5.2527582283801166e-08,1.0
nmnist,snn,dfa_trained,20260830,25,basis_fit,0,hidden_1,actual,5.241231804120616e-08,1.0
nmnist,snn,dfa_trained,20260830,25,basis_fit,0,hidden_2,actual,5.1755424834709636e-08,1.0
nmnist,snn,dfa_trained,20260830,25,basis_fit,0,hidden_3,actual,5.1036469272958136e-08,1.0
nmnist,snn,dfa_trained,20260830,25,basis_fit,1,hidden_1,actual,5.0908315785136444e-08,1.0
nmnist,snn,dfa_trained,20260830,25,basis_fit,1,hidden_2,actual,5.147592574417104e-08,1.0
nmnist,snn,dfa_trained,20260830,25,basis_fit,1,hidden_3,actual,5.0395428274896403e-08,1.0
nmnist,snn,dfa_trained,20260830,25,basis_fit,2,hidden_1,actual,5.021540161465055e-08,1.0
nmnist,snn,dfa_trained,20260830,25,basis_fit,2,hidden_2,actual,5.054875629184608e-08,1.0
nmnist,snn,dfa_trained,20260830,25,basis_fit,2,hidden_3,actual,5.06690795987197e-08,1.0
nmnist,snn,dfa_trained,20260830,25,basis_fit,3,hidden_1,actual,5.3053337722985816e-08,1.0
nmnist,snn,dfa_trained,20260830,25,basis_fit,3,hidden_2,actual,5.1484537522128455e-08,1.0
nmnist,snn,dfa_trained,20260830,25,basis_fit,3,hidden_3,actual,5.1763045405550656e-08,1.0
nmnist,snn,dfa_trained,20260830,25,basis_eval,0,hidden_1,actual,5.0515165384013017e-08,1.0
nmnist,snn,dfa_trained,20260830,25,basis_eval,0,hidden_2,actual,5.081151144281648e-08,1.0
nmnist,snn,dfa_trained,20260830,25,basis_eval,0,hidden_3,actual,5.284483606260437e-08,1.0
nmnist,snn,dfa_trained,20260830,25,basis_eval,1,hidden_1,actual,5.016784498934612e-08,1.0
nmnist,snn,dfa_trained,20260830,25,basis_eval,1,hidden_2,actual,5.15033491410577e-08,1.0
nmnist,snn,dfa_trained,20260830,25,basis_eval,1,hidden_3,actual,5.0889994440694863e-08,1.0
nmnist,snn,dfa_trained,20260830,25,basis_eval,2,hidden_1,actual,5.0218126546042186e-08,1.0
nmnist,snn,dfa_trained,20260830,25,basis_eval,2,hidden_2,actual,5.0719215494154923e-08,1.0
nmnist,snn,dfa_trained,20260830,25,basis_eval,2,hidden_3,actual,5.1559265301648345e-08,1.0
nmnist,snn,dfa_trained,20260830,25,basis_eval,3,hidden_1,actual,5.1549587709587286e-08,1.0
nmnist,snn,dfa_trained,20260830,25,basis_eval,3,hidden_2,actual,5.1846569704139256e-08,1.0
nmnist,snn,dfa_trained,20260830,25,basis_eval,3,hidden_3,actual,5.1579533533185895e-08,1.0
nmnist,snn,dfa_trained,20260830,50,basis_fit,0,hidden_1,actual,5.052940110772398e-08,1.0
nmnist,snn,dfa_trained,20260830,50,basis_fit,0,hidden_2,actual,5.300888972215034e-08,1.0
nmnist,snn,dfa_trained,20260830,50,basis_fit,0,hidden_3,actual,4.9305228344564966e-08,1.0
nmnist,snn,dfa_trained,20260830,50,basis_fit,1,hidden_1,actual,5.065717090246835e-08,1.0
nmnist,snn,dfa_trained,20260830,50,basis_fit,1,hidden_2,actual,5.2086718937971455e-08,1.0
nmnist,snn,dfa_trained,20260830,50,basis_fit,1,hidden_3,actual,5.0681585150869075e-08,1.0
nmnist,snn,dfa_trained,20260830,50,basis_fit,2,hidden_1,actual,5.098625877053564e-08,1.0
nmnist,snn,dfa_trained,20260830,50,basis_fit,2,hidden_2,actual,5.1971614567492e-08,1.0
nmnist,snn,dfa_trained,20260830,50,basis_fit,2,hidden_3,actual,4.9729948159438215e-08,1.0
nmnist,snn,dfa_trained,20260830,50,basis_fit,3,hidden_1,actual,5.184775986322165e-08,1.0
nmnist,snn,dfa_trained,20260830,50,basis_fit,3,hidden_2,actual,5.1638380682561547e-08,1.0
nmnist,snn,dfa_trained,20260830,50,basis_fit,3,hidden_3,actual,5.1032003511863884e-08,1.0
nmnist,snn,dfa_trained,20260830,50,basis_eval,0,hidden_1,actual,5.3057739535233857e-08,1.0
nmnist,snn,dfa_trained,20260830,50,basis_eval,0,hidden_2,actual,5.1407766932243255e-08,1.0
nmnist,snn,dfa_trained,20260830,50,basis_eval,0,hidden_3,actual,5.1444171589309924e-08,1.0
nmnist,snn,dfa_trained,20260830,50,basis_eval,1,hidden_1,actual,5.329219376903893e-08,1.0
nmnist,snn,dfa_trained,20260830,50,basis_eval,1,hidden_2,actual,5.3410971645462275e-08,1.0
nmnist,snn,dfa_trained,20260830,50,basis_eval,1,hidden_3,actual,5.241521350285439e-08,1.0
nmnist,snn,dfa_trained,20260830,50,basis_eval,2,hidden_1,actual,5.1407393897306974e-08,1.0
nmnist,snn,dfa_trained,20260830,50,basis_eval,2,hidden_2,actual,5.2652360693628e-08,1.0
nmnist,snn,dfa_trained,20260830,50,basis_eval,2,hidden_3,actual,4.904735106947555e-08,1.0
nmnist,snn,dfa_trained,20260830,50,basis_eval,3,hidden_1,actual,5.153922089107255e-08,1.0
nmnist,snn,dfa_trained,20260830,50,basis_eval,3,hidden_2,actual,5.039599315637133e-08,1.0
nmnist,snn,dfa_trained,20260830,50,basis_eval,3,hidden_3,actual,5.299786565160503e-08,1.0
nmnist,snn,dfa_trained,20260830,75,basis_fit,0,hidden_1,actual,5.167020944440993e-08,1.0
nmnist,snn,dfa_trained,20260830,75,basis_fit,0,hidden_2,actual,4.991744972926426e-08,1.0
nmnist,snn,dfa_trained,20260830,75,basis_fit,0,hidden_3,actual,5.1610836493409806e-08,1.0
nmnist,snn,dfa_trained,20260830,75,basis_fit,1,hidden_1,actual,5.075093412187925e-08,1.0
nmnist,snn,dfa_trained,20260830,75,basis_fit,1,hidden_2,actual,5.0456485212180275e-08,1.0
nmnist,snn,dfa_trained,20260830,75,basis_fit,1,hidden_3,actual,5.12370412764085e-08,1.0
nmnist,snn,dfa_trained,20260830,75,basis_fit,2,hidden_1,actual,5.0261565576192886e-08,1.0
nmnist,snn,dfa_trained,20260830,75,basis_fit,2,hidden_2,actual,5.17302751745774e-08,1.0
nmnist,snn,dfa_trained,20260830,75,basis_fit,2,hidden_3,actual,5.3139849853778294e-08,1.0
nmnist,snn,dfa_trained,20260830,75,basis_fit,3,hidden_1,actual,5.1354792418578654e-08,1.0
nmnist,snn,dfa_trained,20260830,75,basis_fit,3,hidden_2,actual,5.2318210208568416e-08,1.0
nmnist,snn,dfa_trained,20260830,75,basis_fit,3,hidden_3,actual,5.013938420006525e-08,1.0
nmnist,snn,dfa_trained,20260830,75,basis_eval,0,hidden_1,actual,5.01621677528874e-08,1.0
nmnist,snn,dfa_trained,20260830,75,basis_eval,0,hidden_2,actual,5.273018999218949e-08,1.0
nmnist,snn,dfa_trained,20260830,75,basis_eval,0,hidden_3,actual,5.1197812211967175e-08,1.0
nmnist,snn,dfa_trained,20260830,75,basis_eval,1,hidden_1,actual,5.2251856175189466e-08,1.0
nmnist,snn,dfa_trained,20260830,75,basis_eval,1,hidden_2,actual,5.065139419002662e-08,1.0
nmnist,snn,dfa_trained,20260830,75,basis_eval,1,hidden_3,actual,4.975854750455255e-08,1.0
nmnist,snn,dfa_trained,20260830,75,basis_eval,2,hidden_1,actual,5.209660969285324e-08,1.0
nmnist,snn,dfa_trained,20260830,75,basis_eval,2,hidden_2,actual,5.121466983837309e-08,1.0
nmnist,snn,dfa_trained,20260830,75,basis_eval,2,hidden_3,actual,5.1615067775401264e-08,1.0
nmnist,snn,dfa_trained,20260830,75,basis_eval,3,hidden_1,actual,5.2154327079279035e-08,1.0
nmnist,snn,dfa_trained,20260830,75,basis_eval,3,hidden_2,actual,5.044773843110306e-08,1.0
nmnist,snn,dfa_trained,20260830,75,basis_eval,3,hidden_3,actual,5.245775014373066e-08,1.0
nmnist,snn,dfa_trained,20260830,100,basis_fit,0,hidden_1,actual,5.067372299549788e-08,1.0
nmnist,snn,dfa_trained,20260830,100,basis_fit,0,hidden_2,actual,5.115830958857259e-08,1.0
nmnist,snn,dfa_trained,20260830,100,basis_fit,0,hidden_3,actual,5.265271951770956e-08,1.0
nmnist,snn,dfa_trained,20260830,100,basis_fit,1,hidden_1,actual,5.1857824701073696e-08,1.0
nmnist,snn,dfa_trained,20260830,100,basis_fit,1,hidden_2,actual,5.16080724821677e-08,1.0
nmnist,snn,dfa_trained,20260830,100,basis_fit,1,hidden_3,actual,5.008529768701919e-08,1.0
nmnist,snn,dfa_trained,20260830,100,basis_fit,2,hidden_1,actual,5.056173790762841e-08,1.0
nmnist,snn,dfa_trained,20260830,100,basis_fit,2,hidden_2,actual,5.1123883793025016e-08,1.0
nmnist,snn,dfa_trained,20260830,100,basis_fit,2,hidden_3,actual,4.881025361669344e-08,1.0
nmnist,snn,dfa_trained,20260830,100,basis_fit,3,hidden_1,actual,5.163072813729742e-08,1.0
nmnist,snn,dfa_trained,20260830,100,basis_fit,3,hidden_2,actual,5.1607987217039415e-08,1.0
nmnist,snn,dfa_trained,20260830,100,basis_fit,3,hidden_3,actual,4.9526885703699015e-08,1.0
nmnist,snn,dfa_trained,20260830,100,basis_eval,0,hidden_1,actual,5.187098750525365e-08,1.0
nmnist,snn,dfa_trained,20260830,100,basis_eval,0,hidden_2,actual,5.11228321897761e-08,1.0
nmnist,snn,dfa_trained,20260830,100,basis_eval,0,hidden_3,actual,5.153303206384408e-08,1.0
nmnist,snn,dfa_trained,20260830,100,basis_eval,1,hidden_1,actual,5.2609230749567366e-08,1.0
nmnist,snn,dfa_trained,20260830,100,basis_eval,1,hidden_2,actual,5.0897813963501903e-08,1.0
nmnist,snn,dfa_trained,20260830,100,basis_eval,1,hidden_3,actual,5.0043080790374006e-08,1.0
nmnist,snn,dfa_trained,20260830,100,basis_eval,2,hidden_1,actual,5.171481021193358e-08,1.0
nmnist,snn,dfa_trained,20260830,100,basis_eval,2,hidden_2,actual,5.101708921984027e-08,1.0
nmnist,snn,dfa_trained,20260830,100,basis_eval,2,hidden_3,actual,5.036804040514654e-08,1.0
nmnist,snn,dfa_trained,20260830,100,basis_eval,3,hidden_1,actual,5.297282257288317e-08,1.0
nmnist,snn,dfa_trained,20260830,100,basis_eval,3,hidden_2,actual,5.1359325681232804e-08,1.0
nmnist,snn,dfa_trained,20260830,100,basis_eval,3,hidden_3,actual,5.1605123729814295e-08,1.0
nmnist,snn,dfa_trained,20260901,0,basis_fit,0,hidden_1,actual,5.022616278438363e-08,1.0
nmnist,snn,dfa_trained,20260901,0,basis_fit,0,hidden_2,actual,5.1248665755565526e-08,1.0
nmnist,snn,dfa_trained,20260901,0,basis_fit,0,hidden_3,actual,5.09248962998754e-08,1.0
nmnist,snn,dfa_trained,20260901,0,basis_fit,1,hidden_1,actual,5.1091863184637993e-08,1.0
nmnist,snn,dfa_trained,20260901,0,basis_fit,1,hidden_2,actual,5.1194135153309623e-08,1.0
nmnist,snn,dfa_trained,20260901,0,basis_fit,1,hidden_3,actual,5.0741277846100274e-08,1.0
nmnist,snn,dfa_trained,20260901,0,basis_fit,2,hidden_1,actual,5.1019586777556476e-08,1.0
nmnist,snn,dfa_trained,20260901,0,basis_fit,2,hidden_2,actual,5.1211554108476776e-08,1.0
nmnist,snn,dfa_trained,20260901,0,basis_fit,2,hidden_3,actual,5.059805019413943e-08,1.0
nmnist,snn,dfa_trained,20260901,0,basis_fit,3,hidden_1,actual,5.11587110452183e-08,1.0
nmnist,snn,dfa_trained,20260901,0,basis_fit,3,hidden_2,actual,5.124845614545848e-08,1.0
nmnist,snn,dfa_trained,20260901,0,basis_fit,3,hidden_3,actual,5.072721620535958e-08,1.0
nmnist,snn,dfa_trained,20260901,0,basis_eval,0,hidden_1,actual,5.303087391439477e-08,1.0
nmnist,snn,dfa_trained,20260901,0,basis_eval,0,hidden_2,actual,5.126078761463759e-08,1.0
nmnist,snn,dfa_trained,20260901,0,basis_eval,0,hidden_3,actual,5.067128583391423e-08,1.0
nmnist,snn,dfa_trained,20260901,0,basis_eval,1,hidden_1,actual,5.135713365689298e-08,1.0
nmnist,snn,dfa_trained,20260901,0,basis_eval,1,hidden_2,actual,5.1315929283646255e-08,1.0
nmnist,snn,dfa_trained,20260901,0,basis_eval,1,hidden_3,actual,5.076707410012205e-08,1.0
nmnist,snn,dfa_trained,20260901,0,basis_eval,2,hidden_1,actual,5.091964894177181e-08,1.0
nmnist,snn,dfa_trained,20260901,0,basis_eval,2,hidden_2,actual,5.131465741214925e-08,1.0
nmnist,snn,dfa_trained,20260901,0,basis_eval,2,hidden_3,actual,5.068341479841366e-08,1.0
nmnist,snn,dfa_trained,20260901,0,basis_eval,3,hidden_1,actual,4.968930156223905e-08,1.0
nmnist,snn,dfa_trained,20260901,0,basis_eval,3,hidden_2,actual,5.129570368467285e-08,1.0
nmnist,snn,dfa_trained,20260901,0,basis_eval,3,hidden_3,actual,5.0774470850001314e-08,1.0
nmnist,snn,dfa_trained,20260901,10,basis_fit,0,hidden_1,actual,5.1361528363713667e-08,1.0
nmnist,snn,dfa_trained,20260901,10,basis_fit,0,hidden_2,actual,5.183300899602728e-08,1.0
nmnist,snn,dfa_trained,20260901,10,basis_fit,0,hidden_3,actual,5.2062077315895294e-08,1.0
nmnist,snn,dfa_trained,20260901,10,basis_fit,1,hidden_1,actual,5.08268591659089e-08,1.0
nmnist,snn,dfa_trained,20260901,10,basis_fit,1,hidden_2,actual,5.0565269305025147e-08,1.0
nmnist,snn,dfa_trained,20260901,10,basis_fit,1,hidden_3,actual,5.1591189986766046e-08,1.0
nmnist,snn,dfa_trained,20260901,10,basis_fit,2,hidden_1,actual,5.216930176743517e-08,1.0
nmnist,snn,dfa_trained,20260901,10,basis_fit,2,hidden_2,actual,5.06861219662369e-08,1.0
nmnist,snn,dfa_trained,20260901,10,basis_fit,2,hidden_3,actual,5.064461561232748e-08,1.0
nmnist,snn,dfa_trained,20260901,10,basis_fit,3,hidden_1,actual,5.126037905256454e-08,1.0
nmnist,snn,dfa_trained,20260901,10,basis_fit,3,hidden_2,actual,5.1242643905879965e-08,1.0
nmnist,snn,dfa_trained,20260901,10,basis_fit,3,hidden_3,actual,5.07034663144168e-08,1.0
nmnist,snn,dfa_trained,20260901,10,basis_eval,0,hidden_1,actual,5.14319573596822e-08,1.0
nmnist,snn,dfa_trained,20260901,10,basis_eval,0,hidden_2,actual,5.2250925364205614e-08,1.0
nmnist,snn,dfa_trained,20260901,10,basis_eval,0,hidden_3,actual,5.18017166939444e-08,1.0
nmnist,snn,dfa_trained,20260901,10,basis_eval,1,hidden_1,actual,5.128889668526426e-08,1.0
nmnist,snn,dfa_trained,20260901,10,basis_eval,1,hidden_2,actual,5.09096302891976e-08,1.0
nmnist,snn,dfa_trained,20260901,10,basis_eval,1,hidden_3,actual,5.095921196129893e-08,1.0
nmnist,snn,dfa_trained,20260901,10,basis_eval,2,hidden_1,actual,5.1941992040838165e-08,1.0
nmnist,snn,dfa_trained,20260901,10,basis_eval,2,hidden_2,actual,5.187833096442773e-08,1.0
nmnist,snn,dfa_trained,20260901,10,basis_eval,2,hidden_3,actual,5.215043685780074e-08,1.0
nmnist,snn,dfa_trained,20260901,10,basis_eval,3,hidden_1,actual,5.167218475321533e-08,1.0
nmnist,snn,dfa_trained,20260901,10,basis_eval,3,hidden_2,actual,5.1839094794559066e-08,1.0
nmnist,snn,dfa_trained,20260901,10,basis_eval,3,hidden_3,actual,5.2386837978701806e-08,1.0
nmnist,snn,dfa_trained,20260901,25,basis_fit,0,hidden_1,actual,5.0174673305036777e-08,1.0
nmnist,snn,dfa_trained,20260901,25,basis_fit,0,hidden_2,actual,5.0865754275264414e-08,1.0
nmnist,snn,dfa_trained,20260901,25,basis_fit,0,hidden_3,actual,5.1009784840516665e-08,1.0
nmnist,snn,dfa_trained,20260901,25,basis_fit,1,hidden_1,actual,5.21262784047849e-08,1.0
nmnist,snn,dfa_trained,20260901,25,basis_fit,1,hidden_2,actual,5.174013040232239e-08,1.0
nmnist,snn,dfa_trained,20260901,25,basis_fit,1,hidden_3,actual,5.0504763038361495e-08,1.0
nmnist,snn,dfa_trained,20260901,25,basis_fit,2,hidden_1,actual,5.291624205483458e-08,1.0
nmnist,snn,dfa_trained,20260901,25,basis_fit,2,hidden_2,actual,5.131113312017988e-08,1.0
nmnist,snn,dfa_trained,20260901,25,basis_fit,2,hidden_3,actual,5.184362450449954e-08,1.0
nmnist,snn,dfa_trained,20260901,25,basis_fit,3,hidden_1,actual,5.275943948390705e-08,1.0
nmnist,snn,dfa_trained,20260901,25,basis_fit,3,hidden_2,actual,5.20893088662433e-08,1.0
nmnist,snn,dfa_trained,20260901,25,basis_fit,3,hidden_3,actual,5.2035851183518396e-08,1.0
nmnist,snn,dfa_trained,20260901,25,basis_eval,0,hidden_1,actual,5.1290136582338164e-08,1.0
nmnist,snn,dfa_trained,20260901,25,basis_eval,0,hidden_2,actual,5.195554919623646e-08,1.0
nmnist,snn,dfa_trained,20260901,25,basis_eval,0,hidden_3,actual,5.189225049662127e-08,1.0
nmnist,snn,dfa_trained,20260901,25,basis_eval,1,hidden_1,actual,5.2789104643125035e-08,1.0
nmnist,snn,dfa_trained,20260901,25,basis_eval,1,hidden_2,actual,5.1467154094098084e-08,1.0
nmnist,snn,dfa_trained,20260901,25,basis_eval,1,hidden_3,actual,5.101728817180629e-08,1.0
nmnist,snn,dfa_trained,20260901,25,basis_eval,2,hidden_1,actual,5.1799773359562096e-08,1.0
nmnist,snn,dfa_trained,20260901,25,basis_eval,2,hidden_2,actual,5.0834234599506096e-08,1.0
nmnist,snn,dfa_trained,20260901,25,basis_eval,2,hidden_3,actual,5.042581818770486e-08,1.0
nmnist,snn,dfa_trained,20260901,25,basis_eval,3,hidden_1,actual,5.281889414732178e-08,1.0
nmnist,snn,dfa_trained,20260901,25,basis_eval,3,hidden_2,actual,5.1572250470144354e-08,1.0
nmnist,snn,dfa_trained,20260901,25,basis_eval,3,hidden_3,actual,5.038358708020496e-08,1.0
nmnist,snn,dfa_trained,20260901,50,basis_fit,0,hidden_1,actual,5.0756966629705864e-08,1.0
nmnist,snn,dfa_trained,20260901,50,basis_fit,0,hidden_2,actual,5.1015149438171654e-08,1.0
nmnist,snn,dfa_trained,20260901,50,basis_fit,0,hidden_3,actual,5.139907344187122e-08,1.0
nmnist,snn,dfa_trained,20260901,50,basis_fit,1,hidden_1,actual,5.1771635867226e-08,1.0
nmnist,snn,dfa_trained,20260901,50,basis_fit,1,hidden_2,actual,5.0865967438085136e-08,1.0
nmnist,snn,dfa_trained,20260901,50,basis_fit,1,hidden_3,actual,5.138692671380341e-08,1.0
nmnist,snn,dfa_trained,20260901,50,basis_fit,2,hidden_1,actual,5.1992255833965835e-08,1.0
nmnist,snn,dfa_trained,20260901,50,basis_fit,2,hidden_2,actual,5.024266158670798e-08,1.0
nmnist,snn,dfa_trained,20260901,50,basis_fit,2,hidden_3,actual,5.1841112735928625e-08,1.0
nmnist,snn,dfa_trained,20260901,50,basis_fit,3,hidden_1,actual,5.3278018441460524e-08,1.0
nmnist,snn,dfa_trained,20260901,50,basis_fit,3,hidden_2,actual,5.1316874305484816e-08,1.0
nmnist,snn,dfa_trained,20260901,50,basis_fit,3,hidden_3,actual,5.2141178485953794e-08,1.0
nmnist,snn,dfa_trained,20260901,50,basis_eval,0,hidden_1,actual,5.1528669331446515e-08,1.0
nmnist,snn,dfa_trained,20260901,50,basis_eval,0,hidden_2,actual,5.14526377060065e-08,1.0
nmnist,snn,dfa_trained,20260901,50,basis_eval,0,hidden_3,actual,5.0991776134878826e-08,1.0
nmnist,snn,dfa_trained,20260901,50,basis_eval,1,hidden_1,actual,5.2854456811246564e-08,1.0
nmnist,snn,dfa_trained,20260901,50,basis_eval,1,hidden_2,actual,5.149868087528375e-08,1.0
nmnist,snn,dfa_trained,20260901,50,basis_eval,1,hidden_3,actual,5.090581467470656e-08,1.0
nmnist,snn,dfa_trained,20260901,50,basis_eval,2,hidden_1,actual,5.1771458231542056e-08,1.0
nmnist,snn,dfa_trained,20260901,50,basis_eval,2,hidden_2,actual,5.31465182973534e-08,1.0
nmnist,snn,dfa_trained,20260901,50,basis_eval,2,hidden_3,actual,5.2699245856047134e-08,1.0
nmnist,snn,dfa_trained,20260901,50,basis_eval,3,hidden_1,actual,5.268871205998949e-08,1.0
nmnist,snn,dfa_trained,20260901,50,basis_eval,3,hidden_2,actual,5.239848022142724e-08,1.0
nmnist,snn,dfa_trained,20260901,50,basis_eval,3,hidden_3,actual,5.307887107619536e-08,1.0
nmnist,snn,dfa_trained,20260901,75,basis_fit,0,hidden_1,actual,5.18153910888941e-08,1.0
nmnist,snn,dfa_trained,20260901,75,basis_fit,0,hidden_2,actual,4.9928878809168964e-08,1.0
nmnist,snn,dfa_trained,20260901,75,basis_fit,0,hidden_3,actual,5.17072322736567e-08,1.0
nmnist,snn,dfa_trained,20260901,75,basis_fit,1,hidden_1,actual,5.287729365477389e-08,1.0
nmnist,snn,dfa_trained,20260901,75,basis_fit,1,hidden_2,actual,5.2215998636029326e-08,1.0
nmnist,snn,dfa_trained,20260901,75,basis_fit,1,hidden_3,actual,5.22556540261121e-08,1.0
nmnist,snn,dfa_trained,20260901,75,basis_fit,2,hidden_1,actual,5.2297057351324845e-08,1.0
nmnist,snn,dfa_trained,20260901,75,basis_fit,2,hidden_2,actual,5.2034309305781796e-08,1.0
nmnist,snn,dfa_trained,20260901,75,basis_fit,2,hidden_3,actual,5.050552687180244e-08,1.0
nmnist,snn,dfa_trained,20260901,75,basis_fit,3,hidden_1,actual,5.085702170504192e-08,1.0
nmnist,snn,dfa_trained,20260901,75,basis_fit,3,hidden_2,actual,5.2120121551979544e-08,1.0
nmnist,snn,dfa_trained,20260901,75,basis_fit,3,hidden_3,actual,5.032567074181316e-08,1.0
nmnist,snn,dfa_trained,20260901,75,basis_eval,0,hidden_1,actual,5.069767539112036e-08,1.0
nmnist,snn,dfa_trained,20260901,75,basis_eval,0,hidden_2,actual,5.1915073129293894e-08,1.0
nmnist,snn,dfa_trained,20260901,75,basis_eval,0,hidden_3,actual,5.0847749122340247e-08,1.0
nmnist,snn,dfa_trained,20260901,75,basis_eval,1,hidden_1,actual,5.199973784897338e-08,1.0
nmnist,snn,dfa_trained,20260901,75,basis_eval,1,hidden_2,actual,5.1155804925429045e-08,1.0
nmnist,snn,dfa_trained,20260901,75,basis_eval,1,hidden_3,actual,5.199026276159203e-08,1.0
nmnist,snn,dfa_trained,20260901,75,basis_eval,2,hidden_1,actual,5.1019707569821555e-08,1.0
nmnist,snn,dfa_trained,20260901,75,basis_eval,2,hidden_2,actual,5.0149637331742276e-08,1.0
nmnist,snn,dfa_trained,20260901,75,basis_eval,2,hidden_3,actual,5.070005570928515e-08,1.0
nmnist,snn,dfa_trained,20260901,75,basis_eval,3,hidden_1,actual,5.108579159696092e-08,1.0
nmnist,snn,dfa_trained,20260901,75,basis_eval,3,hidden_2,actual,5.114535994721337e-08,1.0
nmnist,snn,dfa_trained,20260901,75,basis_eval,3,hidden_3,actual,5.2607457945441645e-08,1.0
nmnist,snn,dfa_trained,20260901,100,basis_fit,0,hidden_1,actual,5.0884416680219147e-08,1.0
nmnist,snn,dfa_trained,20260901,100,basis_fit,0,hidden_2,actual,5.175587958206052e-08,1.0
nmnist,snn,dfa_trained,20260901,100,basis_fit,0,hidden_3,actual,5.297166794093756e-08,1.0
nmnist,snn,dfa_trained,20260901,100,basis_fit,1,hidden_1,actual,5.019298043862364e-08,1.0
nmnist,snn,dfa_trained,20260901,100,basis_fit,1,hidden_2,actual,5.262575086817378e-08,1.0
nmnist,snn,dfa_trained,20260901,100,basis_fit,1,hidden_3,actual,4.9956987879795633e-08,1.0
nmnist,snn,dfa_trained,20260901,100,basis_fit,2,hidden_1,actual,5.135716563131609e-08,1.0
nmnist,snn,dfa_trained,20260901,100,basis_fit,2,hidden_2,actual,5.10603044290292e-08,1.0
nmnist,snn,dfa_trained,20260901,100,basis_fit,2,hidden_3,actual,5.1437943682230987e-08,1.0
nmnist,snn,dfa_trained,20260901,100,basis_fit,3,hidden_1,actual,5.250624113273261e-08,1.0
nmnist,snn,dfa_trained,20260901,100,basis_fit,3,hidden_2,actual,5.2645578563215174e-08,1.0
nmnist,snn,dfa_trained,20260901,100,basis_fit,3,hidden_3,actual,5.171625616640085e-08,1.0
nmnist,snn,dfa_trained,20260901,100,basis_eval,0,hidden_1,actual,5.225631127814268e-08,1.0
nmnist,snn,dfa_trained,20260901,100,basis_eval,0,hidden_2,actual,5.0588106148552476e-08,1.0
nmnist,snn,dfa_trained,20260901,100,basis_eval,0,hidden_3,actual,5.1347377905131e-08,1.0
nmnist,snn,dfa_trained,20260901,100,basis_eval,1,hidden_1,actual,5.0202359602735676e-08,1.0
nmnist,snn,dfa_trained,20260901,100,basis_eval,1,hidden_2,actual,5.13687616887637e-08,1.0
nmnist,snn,dfa_trained,20260901,100,basis_eval,1,hidden_3,actual,5.240553946350701e-08,1.0
nmnist,snn,dfa_trained,20260901,100,basis_eval,2,hidden_1,actual,5.1754920349367246e-08,1.0
nmnist,snn,dfa_trained,20260901,100,basis_eval,2,hidden_2,actual,5.0160387843334326e-08,1.0
nmnist,snn,dfa_trained,20260901,100,basis_eval,2,hidden_3,actual,5.053365725871117e-08,1.0
nmnist,snn,dfa_trained,20260901,100,basis_eval,3,hidden_1,actual,5.048928741757664e-08,1.0
nmnist,snn,dfa_trained,20260901,100,basis_eval,3,hidden_2,actual,5.18819724959485e-08,1.0
nmnist,snn,dfa_trained,20260901,100,basis_eval,3,hidden_3,actual,5.0963855358077126e-08,1.0
nmnist,snn,dfa_trained,20260831,0,basis_fit,0,hidden_1,actual,5.2840704256595934e-08,1.0
nmnist,snn,dfa_trained,20260831,0,basis_fit,0,hidden_2,actual,5.132052294243295e-08,1.0
nmnist,snn,dfa_trained,20260831,0,basis_fit,0,hidden_3,actual,5.1396572331441355e-08,1.0
nmnist,snn,dfa_trained,20260831,0,basis_fit,1,hidden_1,actual,5.168607586369944e-08,1.0
nmnist,snn,dfa_trained,20260831,0,basis_fit,1,hidden_2,actual,5.168945449440798e-08,1.0
nmnist,snn,dfa_trained,20260831,0,basis_fit,1,hidden_3,actual,5.136584846354708e-08,1.0
nmnist,snn,dfa_trained,20260831,0,basis_fit,2,hidden_1,actual,5.098024047356376e-08,1.0
nmnist,snn,dfa_trained,20260831,0,basis_fit,2,hidden_2,actual,5.155530402589648e-08,1.0
nmnist,snn,dfa_trained,20260831,0,basis_fit,2,hidden_3,actual,5.157509619380107e-08,1.0
nmnist,snn,dfa_trained,20260831,0,basis_fit,3,hidden_1,actual,5.2531667904531794e-08,1.0
nmnist,snn,dfa_trained,20260831,0,basis_fit,3,hidden_2,actual,5.1532591527347904e-08,1.0
nmnist,snn,dfa_trained,20260831,0,basis_fit,3,hidden_3,actual,5.1465960382302e-08,1.0
nmnist,snn,dfa_trained,20260831,0,basis_eval,0,hidden_1,actual,5.1081446628131744e-08,1.0
nmnist,snn,dfa_trained,20260831,0,basis_eval,0,hidden_2,actual,5.173314221451619e-08,1.0
nmnist,snn,dfa_trained,20260831,0,basis_eval,0,hidden_3,actual,5.147513348902066e-08,1.0
nmnist,snn,dfa_trained,20260831,0,basis_eval,1,hidden_1,actual,5.155795435030087e-08,1.0
nmnist,snn,dfa_trained,20260831,0,basis_eval,1,hidden_2,actual,5.1709498904983775e-08,1.0
nmnist,snn,dfa_trained,20260831,0,basis_eval,1,hidden_3,actual,5.15298097525374e-08,1.0
nmnist,snn,dfa_trained,20260831,0,basis_eval,2,hidden_1,actual,5.27673904571202e-08,1.0
nmnist,snn,dfa_trained,20260831,0,basis_eval,2,hidden_2,actual,5.1598888717308e-08,1.0
nmnist,snn,dfa_trained,20260831,0,basis_eval,2,hidden_3,actual,5.149284376670949e-08,1.0
nmnist,snn,dfa_trained,20260831,0,basis_eval,3,hidden_1,actual,5.107570189011312e-08,1.0
nmnist,snn,dfa_trained,20260831,0,basis_eval,3,hidden_2,actual,5.1669186262870426e-08,1.0
nmnist,snn,dfa_trained,20260831,0,basis_eval,3,hidden_3,actual,5.1531777955915465e-08,1.0
nmnist,snn,dfa_trained,20260831,10,basis_fit,0,hidden_1,actual,5.080086395992112e-08,1.0
nmnist,snn,dfa_trained,20260831,10,basis_fit,0,hidden_2,actual,5.1037659432040534e-08,1.0
nmnist,snn,dfa_trained,20260831,10,basis_fit,0,hidden_3,actual,5.15396649802824e-08,1.0
nmnist,snn,dfa_trained,20260831,10,basis_fit,1,hidden_1,actual,5.1887496965719044e-08,1.0
nmnist,snn,dfa_trained,20260831,10,basis_fit,1,hidden_2,actual,5.064984875957634e-08,1.0
nmnist,snn,dfa_trained,20260831,10,basis_fit,1,hidden_3,actual,5.27059889066095e-08,1.0
nmnist,snn,dfa_trained,20260831,10,basis_fit,2,hidden_1,actual,5.140488568144974e-08,1.0
nmnist,snn,dfa_trained,20260831,10,basis_fit,2,hidden_2,actual,5.1495231190301645e-08,1.0
nmnist,snn,dfa_trained,20260831,10,basis_fit,2,hidden_3,actual,5.2040867615232855e-08,1.0
nmnist,snn,dfa_trained,20260831,10,basis_fit,3,hidden_1,actual,5.028199367984598e-08,1.0
nmnist,snn,dfa_trained,20260831,10,basis_fit,3,hidden_2,actual,5.134617708790756e-08,1.0
nmnist,snn,dfa_trained,20260831,10,basis_fit,3,hidden_3,actual,5.107108336233068e-08,1.0
nmnist,snn,dfa_trained,20260831,10,basis_eval,0,hidden_1,actual,5.1162761138812136e-08,1.0
nmnist,snn,dfa_trained,20260831,10,basis_eval,0,hidden_2,actual,5.190901930518521e-08,1.0
nmnist,snn,dfa_trained,20260831,10,basis_eval,0,hidden_3,actual,5.210796416577068e-08,1.0
nmnist,snn,dfa_trained,20260831,10,basis_eval,1,hidden_1,actual,5.189432528140969e-08,1.0
nmnist,snn,dfa_trained,20260831,10,basis_eval,1,hidden_2,actual,5.0914174209992786e-08,1.0
nmnist,snn,dfa_trained,20260831,10,basis_eval,1,hidden_3,actual,5.2069680123167934e-08,1.0
nmnist,snn,dfa_trained,20260831,10,basis_eval,2,hidden_1,actual,5.1810573609145656e-08,1.0
nmnist,snn,dfa_trained,20260831,10,basis_eval,2,hidden_2,actual,5.1836231307333946e-08,1.0
nmnist,snn,dfa_trained,20260831,10,basis_eval,2,hidden_3,actual,5.197224695052682e-08,1.0
nmnist,snn,dfa_trained,20260831,10,basis_eval,3,hidden_1,actual,5.163234462202127e-08,1.0
nmnist,snn,dfa_trained,20260831,10,basis_eval,3,hidden_2,actual,5.0890246683366065e-08,1.0
nmnist,snn,dfa_trained,20260831,10,basis_eval,3,hidden_3,actual,5.2794145943835253e-08,1.0
nmnist,snn,dfa_trained,20260831,25,basis_fit,0,hidden_1,actual,5.140005399084657e-08,1.0
nmnist,snn,dfa_trained,20260831,25,basis_fit,0,hidden_2,actual,5.1409095647159126e-08,1.0
nmnist,snn,dfa_trained,20260831,25,basis_fit,0,hidden_3,actual,5.328176655439165e-08,1.0
nmnist,snn,dfa_trained,20260831,25,basis_fit,1,hidden_1,actual,5.1934232914163665e-08,1.0
nmnist,snn,dfa_trained,20260831,25,basis_fit,1,hidden_2,actual,5.2211049705874764e-08,1.0
nmnist,snn,dfa_trained,20260831,25,basis_fit,1,hidden_3,actual,5.17919964693192e-08,1.0
nmnist,snn,dfa_trained,20260831,25,basis_fit,2,hidden_1,actual,5.114383228033149e-08,1.0
nmnist,snn,dfa_trained,20260831,25,basis_fit,2,hidden_2,actual,5.1438810544368614e-08,1.0
nmnist,snn,dfa_trained,20260831,25,basis_fit,2,hidden_3,actual,5.07352062584232e-08,1.0
nmnist,snn,dfa_trained,20260831,25,basis_fit,3,hidden_1,actual,5.3846537895196895e-08,1.0
nmnist,snn,dfa_trained,20260831,25,basis_fit,3,hidden_2,actual,5.1614534868349444e-08,1.0
nmnist,snn,dfa_trained,20260831,25,basis_fit,3,hidden_3,actual,5.09185618113861e-08,1.0
nmnist,snn,dfa_trained,20260831,25,basis_eval,0,hidden_1,actual,5.0984059640768464e-08,1.0
nmnist,snn,dfa_trained,20260831,25,basis_eval,0,hidden_2,actual,5.0613170543556414e-08,1.0
nmnist,snn,dfa_trained,20260831,25,basis_eval,0,hidden_3,actual,5.2223430913045377e-08,1.0
nmnist,snn,dfa_trained,20260831,25,basis_eval,1,hidden_1,actual,5.209103903780488e-08,1.0
nmnist,snn,dfa_trained,20260831,25,basis_eval,1,hidden_2,actual,5.178662831895053e-08,1.0
nmnist,snn,dfa_trained,20260831,25,basis_eval,1,hidden_3,actual,5.0045514399243984e-08,1.0
nmnist,snn,dfa_trained,20260831,25,basis_eval,2,hidden_1,actual,5.0861174827332434e-08,1.0
nmnist,snn,dfa_trained,20260831,25,basis_eval,2,hidden_2,actual,5.2060890709526575e-08,1.0
nmnist,snn,dfa_trained,20260831,25,basis_eval,2,hidden_3,actual,4.956165255975976e-08,1.0
nmnist,snn,dfa_trained,20260831,25,basis_eval,3,hidden_1,actual,5.2458887012107886e-08,1.0
nmnist,snn,dfa_trained,20260831,25,basis_eval,3,hidden_2,actual,5.2499562031016473e-08,1.0
nmnist,snn,dfa_trained,20260831,25,basis_eval,3,hidden_3,actual,5.2039421660765584e-08,1.0
nmnist,snn,dfa_trained,20260831,50,basis_fit,0,hidden_1,actual,5.137155412171524e-08,1.0
nmnist,snn,dfa_trained,20260831,50,basis_fit,0,hidden_2,actual,5.1621825036818336e-08,1.0
nmnist,snn,dfa_trained,20260831,50,basis_fit,0,hidden_3,actual,5.2364494962375836e-08,1.0
nmnist,snn,dfa_trained,20260831,50,basis_fit,1,hidden_1,actual,5.0345835944654034e-08,1.0
nmnist,snn,dfa_trained,20260831,50,basis_fit,1,hidden_2,actual,5.049814788549156e-08,1.0
nmnist,snn,dfa_trained,20260831,50,basis_fit,1,hidden_3,actual,5.140147507631809e-08,1.0
nmnist,snn,dfa_trained,20260831,50,basis_fit,2,hidden_1,actual,5.1589811533858665e-08,1.0
nmnist,snn,dfa_trained,20260831,50,basis_fit,2,hidden_2,actual,4.867167646693815e-08,1.0
nmnist,snn,dfa_trained,20260831,50,basis_fit,2,hidden_3,actual,5.034027950046038e-08,1.0
nmnist,snn,dfa_trained,20260831,50,basis_fit,3,hidden_1,actual,5.1799180056377736e-08,1.0
nmnist,snn,dfa_trained,20260831,50,basis_fit,3,hidden_2,actual,5.1563766589879385e-08,1.0
nmnist,snn,dfa_trained,20260831,50,basis_fit,3,hidden_3,actual,5.197733443651487e-08,1.0
nmnist,snn,dfa_trained,20260831,50,basis_eval,0,hidden_1,actual,5.06330302130209e-08,1.0
nmnist,snn,dfa_trained,20260831,50,basis_eval,0,hidden_2,actual,5.1309225312934366e-08,1.0
nmnist,snn,dfa_trained,20260831,50,basis_eval,0,hidden_3,actual,5.1256549227218784e-08,1.0
nmnist,snn,dfa_trained,20260831,50,basis_eval,1,hidden_1,actual,5.195762398102489e-08,1.0
nmnist,snn,dfa_trained,20260831,50,basis_eval,1,hidden_2,actual,5.1315510063432164e-08,1.0
nmnist,snn,dfa_trained,20260831,50,basis_eval,1,hidden_3,actual,5.143745696045698e-08,1.0
nmnist,snn,dfa_trained,20260831,50,basis_eval,2,hidden_1,actual,5.2436998743132797e-08,1.0
nmnist,snn,dfa_trained,20260831,50,basis_eval,2,hidden_2,actual,5.1464482453411626e-08,1.0
nmnist,snn,dfa_trained,20260831,50,basis_eval,2,hidden_3,actual,5.3368303554179874e-08,1.0
nmnist,snn,dfa_trained,20260831,50,basis_eval,3,hidden_1,actual,5.28321955073352e-08,1.0
nmnist,snn,dfa_trained,20260831,50,basis_eval,3,hidden_2,actual,4.991839475110282e-08,1.0
nmnist,snn,dfa_trained,20260831,50,basis_eval,3,hidden_3,actual,5.0343341939651516e-08,1.0
nmnist,snn,dfa_trained,20260831,75,basis_fit,0,hidden_1,actual,5.0261096617987284e-08,1.0
nmnist,snn,dfa_trained,20260831,75,basis_fit,0,hidden_2,actual,5.325335195038861e-08,1.0
nmnist,snn,dfa_trained,20260831,75,basis_fit,0,hidden_3,actual,5.132038793931316e-08,1.0
nmnist,snn,dfa_trained,20260831,75,basis_fit,1,hidden_1,actual,5.0218748270935976e-08,1.0
nmnist,snn,dfa_trained,20260831,75,basis_fit,1,hidden_2,actual,5.1607567996825316e-08,1.0
nmnist,snn,dfa_trained,20260831,75,basis_fit,1,hidden_3,actual,5.1584496674195186e-08,1.0
nmnist,snn,dfa_trained,20260831,75,basis_fit,2,hidden_1,actual,5.2773614811485465e-08,1.0
nmnist,snn,dfa_trained,20260831,75,basis_fit,2,hidden_2,actual,4.914631190899854e-08,1.0
nmnist,snn,dfa_trained,20260831,75,basis_fit,2,hidden_3,actual,5.0958991693050855e-08,1.0
nmnist,snn,dfa_trained,20260831,75,basis_fit,3,hidden_1,actual,5.168636718622111e-08,1.0
nmnist,snn,dfa_trained,20260831,75,basis_fit,3,hidden_2,actual,5.0755129876733924e-08,1.0
nmnist,snn,dfa_trained,20260831,75,basis_fit,3,hidden_3,actual,5.216950782482854e-08,1.0
nmnist,snn,dfa_trained,20260831,75,basis_eval,0,hidden_1,actual,5.112875456347865e-08,1.0
nmnist,snn,dfa_trained,20260831,75,basis_eval,0,hidden_2,actual,5.2034906161679835e-08,1.0
nmnist,snn,dfa_trained,20260831,75,basis_eval,0,hidden_3,actual,5.2036860154203175e-08,1.0
nmnist,snn,dfa_trained,20260831,75,basis_eval,1,hidden_1,actual,5.1810964407650324e-08,1.0
nmnist,snn,dfa_trained,20260831,75,basis_eval,1,hidden_2,actual,5.197168206905189e-08,1.0
nmnist,snn,dfa_trained,20260831,75,basis_eval,1,hidden_3,actual,5.056751462007014e-08,1.0
nmnist,snn,dfa_trained,20260831,75,basis_eval,2,hidden_1,actual,5.1203667084109845e-08,1.0
nmnist,snn,dfa_trained,20260831,75,basis_eval,2,hidden_2,actual,5.1305171666626854e-08,1.0
nmnist,snn,dfa_trained,20260831,75,basis_eval,2,hidden_3,actual,5.261174251813827e-08,1.0
nmnist,snn,dfa_trained,20260831,75,basis_eval,3,hidden_1,actual,5.003708025697051e-08,1.0
nmnist,snn,dfa_trained,20260831,75,basis_eval,3,hidden_2,actual,5.248794110457312e-08,1.0
nmnist,snn,dfa_trained,20260831,75,basis_eval,3,hidden_3,actual,5.1765152164762185e-08,1.0
nmnist,snn,dfa_trained,20260831,100,basis_fit,0,hidden_1,actual,5.1331120687336806e-08,1.0
nmnist,snn,dfa_trained,20260831,100,basis_fit,0,hidden_2,actual,5.0737341439344164e-08,1.0
nmnist,snn,dfa_trained,20260831,100,basis_fit,0,hidden_3,actual,5.108671530251741e-08,1.0
nmnist,snn,dfa_trained,20260831,100,basis_fit,1,hidden_1,actual,5.0081045088745675e-08,1.0
nmnist,snn,dfa_trained,20260831,100,basis_fit,1,hidden_2,actual,5.036305950056885e-08,1.0
nmnist,snn,dfa_trained,20260831,100,basis_fit,1,hidden_3,actual,5.0629541448188327e-08,1.0
nmnist,snn,dfa_trained,20260831,100,basis_fit,2,hidden_1,actual,5.054801732740089e-08,1.0
nmnist,snn,dfa_trained,20260831,100,basis_fit,2,hidden_2,actual,4.979180445729981e-08,1.0
nmnist,snn,dfa_trained,20260831,100,basis_fit,2,hidden_3,actual,5.18047826858492e-08,1.0
nmnist,snn,dfa_trained,20260831,100,basis_fit,3,hidden_1,actual,5.0719879851612866e-08,1.0
nmnist,snn,dfa_trained,20260831,100,basis_fit,3,hidden_2,actual,5.144729442463358e-08,1.0
nmnist,snn,dfa_trained,20260831,100,basis_fit,3,hidden_3,actual,5.133491498554577e-08,1.0
nmnist,snn,dfa_trained,20260831,100,basis_eval,0,hidden_1,actual,5.166591066085857e-08,1.0
nmnist,snn,dfa_trained,20260831,100,basis_eval,0,hidden_2,actual,5.2047578691372116e-08,1.0
nmnist,snn,dfa_trained,20260831,100,basis_eval,0,hidden_3,actual,5.10032940326255e-08,1.0
nmnist,snn,dfa_trained,20260831,100,basis_eval,1,hidden_1,actual,5.1737746531443924e-08,1.0
nmnist,snn,dfa_trained,20260831,100,basis_eval,1,hidden_2,actual,5.2299704123015545e-08,1.0
nmnist,snn,dfa_trained,20260831,100,basis_eval,1,hidden_3,actual,5.147741433120245e-08,1.0
nmnist,snn,dfa_trained,20260831,100,basis_eval,2,hidden_1,actual,5.111911605126807e-08,1.0
nmnist,snn,dfa_trained,20260831,100,basis_eval,2,hidden_2,actual,5.061455254917747e-08,1.0
nmnist,snn,dfa_trained,20260831,100,basis_eval,2,hidden_3,actual,5.1349420715496314e-08,1.0
nmnist,snn,dfa_trained,20260831,100,basis_eval,3,hidden_1,actual,5.2183857235377224e-08,1.0
nmnist,snn,dfa_trained,20260831,100,basis_eval,3,hidden_2,actual,5.2178343423747726e-08,1.0
nmnist,snn,dfa_trained,20260831,100,basis_eval,3,hidden_3,actual,5.0178769583908434e-08,1.0
