dataset,source_model,seed,layer,checkpoint,checkpoint_sha256,probe_split,N,T,D,coordinate_system,offline_only,family,condition,alpha,scale_mode,mean_abs_g,rms_g,l2_norm_all_T_N_D,mean_per_sample_timestep_l2,exact_zero_fraction,near_zero_fraction,temporal_gate_cosine,adjacent_timestep_cosine,norm_cv_over_time,gate_temporal_variance,r50,r80,r90,r95,r99,stable_rank,spectral_entropy,entropy_effective_rank,normalized_entropy_effective_rank,source_file
N-MNIST,SNN-DFA,20260830,H1,completed_epoch_100,b8f2c8c95c5944358405d35f2d38dcb293461fa1e8641e9e6cb29ab98e39a534,basis_eval,512,30,800,same_trained_model_and_neuron_coordinates,True,temporal_homogenization,alpha_0,0.0,global_frobenius_norm_matched,0.0127105540999767,0.0652341079733922,228.6732317168419,1.7826870602967266,0.0,0.0,0.0579969622194767,0.1062942856767887,0.2095539911255044,0.0038617148578147,124,321,448,546,680,43.271599085746814,6.124434206395464,456.8861368711281,0.5711076710889101,results/frozen_sources/mechanisms/temporal_homogenization_per_seed.csv#row=2
N-MNIST,SNN-DFA,20260830,H1,completed_epoch_100,b8f2c8c95c5944358405d35f2d38dcb293461fa1e8641e9e6cb29ab98e39a534,basis_eval,512,30,800,same_trained_model_and_neuron_coordinates,True,temporal_homogenization,alpha_0.25,0.25,global_frobenius_norm_matched,0.0163832773725616,0.065292554654076,228.87811213553903,1.7844866622930933,0.0,0.0,0.1225181519985199,0.1671445568756575,0.2041075599184573,0.0036089040119109,112,310,438,539,677,28.658479614761827,6.024324720755368,413.36241269695006,0.5167030158711876,results/frozen_sources/mechanisms/temporal_homogenization_per_seed.csv#row=3
N-MNIST,SNN-DFA,20260830,H1,completed_epoch_100,b8f2c8c95c5944358405d35f2d38dcb293461fa1e8641e9e6cb29ab98e39a534,basis_eval,512,30,800,same_trained_model_and_neuron_coordinates,True,temporal_homogenization,alpha_0.5,0.5,global_frobenius_norm_matched,0.0225047717269004,0.0652758059776552,228.8194009170897,1.786092961642118,0.0,0.0,0.266098141670227,0.3031340948047051,0.1855047086132381,0.0030264985419536,82,278,412,519,668,16.493595675078087,5.737840565991986,310.3934126626786,0.3879917658283482,results/frozen_sources/mechanisms/temporal_homogenization_per_seed.csv#row=4
N-MNIST,SNN-DFA,20260830,H1,completed_epoch_100,b8f2c8c95c5944358405d35f2d38dcb293461fa1e8641e9e6cb29ab98e39a534,basis_eval,512,30,800,same_trained_model_and_neuron_coordinates,True,temporal_homogenization,alpha_0.75,0.75,global_frobenius_norm_matched,0.0329130276587961,0.0652581958018582,228.7576697777316,1.7905473607041833,0.0,0.0,0.6040861010551453,0.6239354218638883,0.1229803940812208,0.0016183293961621,14,159,303,431,628,8.43279621476389,4.8324466846962855,125.51768747490246,0.156897109343628,results/frozen_sources/mechanisms/temporal_homogenization_per_seed.csv#row=5
N-MNIST,SNN-DFA,20260830,H1,completed_epoch_100,b8f2c8c95c5944358405d35f2d38dcb293461fa1e8641e9e6cb29ab98e39a534,basis_eval,512,30,800,same_trained_model_and_neuron_coordinates,True,temporal_homogenization,alpha_1,1.0,global_frobenius_norm_matched,0.0417970185864792,0.0652535782014464,228.7414831287403,1.7872072758116393,0.0,0.0,1.0,0.9999999999988124,0.0,0.0,5,21,45,73,148,5.61128171623326,3.4148562766897945,30.412578117044244,0.0380157226463053,results/frozen_sources/mechanisms/temporal_homogenization_per_seed.csv#row=6
N-MNIST,SNN-DFA,20260830,H2,completed_epoch_100,b8f2c8c95c5944358405d35f2d38dcb293461fa1e8641e9e6cb29ab98e39a534,basis_eval,512,30,800,same_trained_model_and_neuron_coordinates,True,temporal_homogenization,alpha_0,0.0,global_frobenius_norm_matched,0.017726797456581,0.0776460680027963,272.1824188589746,2.0700610027395823,0.0,0.0,0.0840893238782882,0.1297228659402475,0.3152189431433105,0.0053612365318526,105,299,427,528,664,34.24198966823596,5.98992145561933,399.38323938594846,0.4992290492324355,results/frozen_sources/mechanisms/temporal_homogenization_per_seed.csv#row=7
N-MNIST,SNN-DFA,20260830,H2,completed_epoch_100,b8f2c8c95c5944358405d35f2d38dcb293461fa1e8641e9e6cb29ab98e39a534,basis_eval,512,30,800,same_trained_model_and_neuron_coordinates,True,temporal_homogenization,alpha_0.25,0.25,global_frobenius_norm_matched,0.0227058322486694,0.0777373744422023,272.50248667662663,2.078190963455397,0.0,0.0,0.1700716167688369,0.209862612467315,0.3039479192680315,0.0049476820134137,92,286,416,520,661,24.65402839320653,5.859092985546959,350.40617637468057,0.4380077204683507,results/frozen_sources/mechanisms/temporal_homogenization_per_seed.csv#row=8
N-MNIST,SNN-DFA,20260830,H2,completed_epoch_100,b8f2c8c95c5944358405d35f2d38dcb293461fa1e8641e9e6cb29ab98e39a534,basis_eval,512,30,800,same_trained_model_and_neuron_coordinates,True,temporal_homogenization,alpha_0.5,0.5,global_frobenius_norm_matched,0.0307361022991535,0.0776960045300525,272.35746757847534,2.0949373509808527,0.0,0.0,0.3442824780941009,0.3755390840752676,0.267883908244058,0.0040294149907949,60,251,386,497,651,14.986772576770738,5.512195169405551,247.6942615783373,0.3096178269729216,results/frozen_sources/mechanisms/temporal_homogenization_per_seed.csv#row=9
N-MNIST,SNN-DFA,20260830,H2,completed_epoch_100,b8f2c8c95c5944358405d35f2d38dcb293461fa1e8641e9e6cb29ab98e39a534,basis_eval,512,30,800,same_trained_model_and_neuron_coordinates,True,temporal_homogenization,alpha_0.75,0.75,global_frobenius_norm_matched,0.0434789073976155,0.0776685583032396,272.2612569062168,2.133544621635838,0.0,0.0,0.6812400221824646,0.6964605143446383,0.1662423302098327,0.0020157731888479,8,126,269,400,607,8.127549410363532,4.51382594353652,91.2703465535538,0.1140879331919422,results/frozen_sources/mechanisms/temporal_homogenization_per_seed.csv#row=10
N-MNIST,SNN-DFA,20260830,H2,completed_epoch_100,b8f2c8c95c5944358405d35f2d38dcb293461fa1e8641e9e6cb29ab98e39a534,basis_eval,512,30,800,same_trained_model_and_neuron_coordinates,True,temporal_homogenization,alpha_1,1.0,global_frobenius_norm_matched,0.0532704653547857,0.0776495382805655,272.19458365526594,2.1562706451741764,0.0,0.0,1.0,0.999999999999038,0.0,0.0,4,12,30,53,125,5.643127945573859,3.1009073603170627,22.218101962136007,0.02777262745267,results/frozen_sources/mechanisms/temporal_homogenization_per_seed.csv#row=11
N-MNIST,SNN-DFA,20260830,H3,completed_epoch_100,b8f2c8c95c5944358405d35f2d38dcb293461fa1e8641e9e6cb29ab98e39a534,basis_eval,512,30,800,same_trained_model_and_neuron_coordinates,True,temporal_homogenization,alpha_0,0.0,global_frobenius_norm_matched,0.0079003907885253,0.0504234298643598,176.75551976633852,1.2573703594556866,0.0,0.0,0.0880589932203292,0.1358324827874336,0.4743338399405651,0.0023232731747041,101,281,411,523,688,46.65953694403787,6.013041829297904,408.7247020544724,0.5109058775680905,results/frozen_sources/mechanisms/temporal_homogenization_per_seed.csv#row=12
N-MNIST,SNN-DFA,20260830,H3,completed_epoch_100,b8f2c8c95c5944358405d35f2d38dcb293461fa1e8641e9e6cb29ab98e39a534,basis_eval,512,30,800,same_trained_model_and_neuron_coordinates,True,temporal_homogenization,alpha_0.25,0.25,global_frobenius_norm_matched,0.0102054612914203,0.0504631291322249,176.89468254731295,1.2689995432917802,0.0,0.0,0.1784552484750747,0.2205583015252027,0.452910960668769,0.0021806749583375,95,275,405,518,686,35.61482967932096,5.948513784327647,383.1834224486863,0.4789792780608579,results/frozen_sources/mechanisms/temporal_homogenization_per_seed.csv#row=13
N-MNIST,SNN-DFA,20260830,H3,completed_epoch_100,b8f2c8c95c5944358405d35f2d38dcb293461fa1e8641e9e6cb29ab98e39a534,basis_eval,512,30,800,same_trained_model_and_neuron_coordinates,True,temporal_homogenization,alpha_0.5,0.5,global_frobenius_norm_matched,0.014095661201115,0.050466148995379,176.905268449199,1.2971232843885327,0.0,0.0,0.3496311604976654,0.3830912266341829,0.3944243028394877,0.001848902645984,77,254,386,502,679,22.15344922852917,5.7520461885579,314.8342118091118,0.3935427647613898,results/frozen_sources/mechanisms/temporal_homogenization_per_seed.csv#row=14
N-MNIST,SNN-DFA,20260830,H3,completed_epoch_100,b8f2c8c95c5944358405d35f2d38dcb293461fa1e8641e9e6cb29ab98e39a534,basis_eval,512,30,800,same_trained_model_and_neuron_coordinates,True,temporal_homogenization,alpha_0.75,0.75,global_frobenius_norm_matched,0.0208842787806369,0.050465209046812,176.90197353059827,1.3586407087320995,0.0,0.0,0.6677020788192749,0.684866016268906,0.2435147185790291,0.0010146636714948,20,167,302,429,641,10.883261956630198,5.001492062683558,148.63476612369303,0.1857934576546163,results/frozen_sources/mechanisms/temporal_homogenization_per_seed.csv#row=15
N-MNIST,SNN-DFA,20260830,H3,completed_epoch_100,b8f2c8c95c5944358405d35f2d38dcb293461fa1e8641e9e6cb29ab98e39a534,basis_eval,512,30,800,same_trained_model_and_neuron_coordinates,True,temporal_homogenization,alpha_1,1.0,global_frobenius_norm_matched,0.0269272441289074,0.0504675530158758,176.91019013687682,1.4025131571728962,0.0,0.0,1.0,0.9999999999985264,0.0,0.0,5,20,39,64,135,6.50838291987292,3.40867791822041,30.225257570070973,0.0377815719625887,results/frozen_sources/mechanisms/temporal_homogenization_per_seed.csv#row=16
N-MNIST,SNN-DFA,20260831,H1,completed_epoch_100,b486ef7efe077a5e11dbfa4148cfa5a8ec90514c3508227a9bf491bde631d58a,basis_eval,512,30,800,same_trained_model_and_neuron_coordinates,True,temporal_homogenization,alpha_0,0.0,global_frobenius_norm_matched,0.0124539867610056,0.0645126198267627,226.14410958639056,1.7610448009369934,0.0,0.0,0.0575211085379123,0.1057598228333332,0.2122817748212079,0.0037789468628002,130,331,457,554,682,49.9820209564572,6.159079688863601,472.9925741340908,0.5912407176676135,results/frozen_sources/mechanisms/temporal_homogenization_per_seed.csv#row=17
N-MNIST,SNN-DFA,20260831,H1,completed_epoch_100,b486ef7efe077a5e11dbfa4148cfa5a8ec90514c3508227a9bf491bde631d58a,basis_eval,512,30,800,same_trained_model_and_neuron_coordinates,True,temporal_homogenization,alpha_0.25,0.25,global_frobenius_norm_matched,0.016055548440535,0.0645701046784106,226.3456183861584,1.7628683647513983,0.0,0.0,0.1218610629439354,0.1664437872130766,0.2067609787074679,0.003532863052023,118,320,448,547,680,32.56586598354027,6.061720537990199,429.1131074856658,0.5363913843570822,results/frozen_sources/mechanisms/temporal_homogenization_per_seed.csv#row=18
N-MNIST,SNN-DFA,20260831,H1,completed_epoch_100,b486ef7efe077a5e11dbfa4148cfa5a8ec90514c3508227a9bf491bde631d58a,basis_eval,512,30,800,same_trained_model_and_neuron_coordinates,True,temporal_homogenization,alpha_0.5,0.5,global_frobenius_norm_matched,0.0220638452988282,0.0645531653998517,226.28623902633296,1.7646028268287068,0.0,0.0,0.2651358842849731,0.3022050200598532,0.1879362526527173,0.0029652164573863,86,288,422,527,671,18.514914435011853,5.780756332111646,324.0041525140685,0.4050051906425856,results/frozen_sources/mechanisms/temporal_homogenization_per_seed.csv#row=19
N-MNIST,SNN-DFA,20260831,H1,completed_epoch_100,b486ef7efe077a5e11dbfa4148cfa5a8ec90514c3508227a9bf491bde631d58a,basis_eval,512,30,800,same_trained_model_and_neuron_coordinates,True,temporal_homogenization,alpha_0.75,0.75,global_frobenius_norm_matched,0.0323025222310566,0.0645377542942366,226.23221656117363,1.7694697444989838,0.0,0.0,0.602910041809082,0.6229033969013106,0.1246800292615625,0.0015889377050708,15,165,312,440,633,9.396702324715974,4.886601224922275,132.50246180608926,0.1656280772576115,results/frozen_sources/mechanisms/temporal_homogenization_per_seed.csv#row=20
N-MNIST,SNN-DFA,20260831,H1,completed_epoch_100,b486ef7efe077a5e11dbfa4148cfa5a8ec90514c3508227a9bf491bde631d58a,basis_eval,512,30,800,same_trained_model_and_neuron_coordinates,True,temporal_homogenization,alpha_1,1.0,global_frobenius_norm_matched,0.041069713168786,0.0645317848289539,226.2112910521281,1.766431252332225,0.0,0.0,1.0,0.9999999999987952,0.0,0.0,5,22,46,74,147,6.238045248945336,3.478476410955908,32.41030445456746,0.0405128805682093,results/frozen_sources/mechanisms/temporal_homogenization_per_seed.csv#row=21
N-MNIST,SNN-DFA,20260831,H2,completed_epoch_100,b486ef7efe077a5e11dbfa4148cfa5a8ec90514c3508227a9bf491bde631d58a,basis_eval,512,30,800,same_trained_model_and_neuron_coordinates,True,temporal_homogenization,alpha_0,0.0,global_frobenius_norm_matched,0.0180047823872433,0.0783120073876308,274.51681900620235,2.0919281814342443,0.0,0.0,0.0853692144155502,0.1299682950537547,0.3097452987717276,0.0054420940085068,107,296,424,526,660,35.1249940063122,5.999893953740518,403.3860136465792,0.504232517058224,results/frozen_sources/mechanisms/temporal_homogenization_per_seed.csv#row=22
N-MNIST,SNN-DFA,20260831,H2,completed_epoch_100,b486ef7efe077a5e11dbfa4148cfa5a8ec90514c3508227a9bf491bde631d58a,basis_eval,512,30,800,same_trained_model_and_neuron_coordinates,True,temporal_homogenization,alpha_0.25,0.25,global_frobenius_norm_matched,0.0230452194798557,0.0783999811812473,274.8252044860971,2.099673773126702,0.0,0.0,0.1714216470718383,0.2104972932377904,0.2987394211423121,0.005015041259121,94,283,413,518,657,24.857103088061287,5.871222815160426,354.68242624955093,0.4433530328119386,results/frozen_sources/mechanisms/temporal_homogenization_per_seed.csv#row=23
N-MNIST,SNN-DFA,20260831,H2,completed_epoch_100,b486ef7efe077a5e11dbfa4148cfa5a8ec90514c3508227a9bf491bde631d58a,basis_eval,512,30,800,same_trained_model_and_neuron_coordinates,True,temporal_homogenization,alpha_0.5,0.5,global_frobenius_norm_matched,0.0311505275283371,0.0783576733940245,274.67689773781984,2.115530365870929,0.0,0.0,0.3459908366203308,0.376873072768194,0.263537847850171,0.0040725001254816,63,248,383,494,647,15.298234297754032,5.529110941228746,251.9198398887621,0.3148997998609526,results/frozen_sources/mechanisms/temporal_homogenization_per_seed.csv#row=24
N-MNIST,SNN-DFA,20260831,H2,completed_epoch_100,b486ef7efe077a5e11dbfa4148cfa5a8ec90514c3508227a9bf491bde631d58a,basis_eval,512,30,800,same_trained_model_and_neuron_coordinates,True,temporal_homogenization,alpha_0.75,0.75,global_frobenius_norm_matched,0.0439270726061326,0.078330904646756,274.5830619188527,2.1523117141734285,0.0,0.0,0.6834571361541748,0.6988074305583258,0.16390680095691,0.002024579463683,8,127,266,397,604,8.381121719244545,4.541712545004099,93.85138729828638,0.1173142341228579,results/frozen_sources/mechanisms/temporal_homogenization_per_seed.csv#row=25
N-MNIST,SNN-DFA,20260831,H2,completed_epoch_100,b486ef7efe077a5e11dbfa4148cfa5a8ec90514c3508227a9bf491bde631d58a,basis_eval,512,30,800,same_trained_model_and_neuron_coordinates,True,temporal_homogenization,alpha_1,1.0,global_frobenius_norm_matched,0.0536522772324479,0.0783136779420416,274.52267500836405,2.173730905026464,0.0,0.0,1.0,0.9999999999990434,0.0,0.0,4,13,31,54,125,5.841305246433521,3.140964237561478,23.12615521887288,0.0289076940235911,results/frozen_sources/mechanisms/temporal_homogenization_per_seed.csv#row=26
N-MNIST,SNN-DFA,20260831,H3,completed_epoch_100,b486ef7efe077a5e11dbfa4148cfa5a8ec90514c3508227a9bf491bde631d58a,basis_eval,512,30,800,same_trained_model_and_neuron_coordinates,True,temporal_homogenization,alpha_0,0.0,global_frobenius_norm_matched,0.007846313947869,0.0502430080245254,176.12306465245896,1.238705116132313,0.0,0.0,0.0901928320527076,0.1404726173028493,0.5016102864536154,0.0023065750222065,92,271,402,516,686,33.2442588043034,5.9484272707822825,383.1502733262303,0.4789378416577878,results/frozen_sources/mechanisms/temporal_homogenization_per_seed.csv#row=27
N-MNIST,SNN-DFA,20260831,H3,completed_epoch_100,b486ef7efe077a5e11dbfa4148cfa5a8ec90514c3508227a9bf491bde631d58a,basis_eval,512,30,800,same_trained_model_and_neuron_coordinates,True,temporal_homogenization,alpha_0.25,0.25,global_frobenius_norm_matched,0.0101352586811131,0.0502815789522514,176.25827212240878,1.2509005028127782,0.0,0.0,0.1841310709714889,0.2279007772604836,0.4784394546432173,0.0021648530621881,86,264,396,511,684,25.11167109021212,5.883238852576072,358.9700118600786,0.4487125148250983,results/frozen_sources/mechanisms/temporal_homogenization_per_seed.csv#row=28
N-MNIST,SNN-DFA,20260831,H3,completed_epoch_100,b486ef7efe077a5e11dbfa4148cfa5a8ec90514c3508227a9bf491bde631d58a,basis_eval,512,30,800,same_trained_model_and_neuron_coordinates,True,temporal_homogenization,alpha_0.5,0.5,global_frobenius_norm_matched,0.013998734489633,0.0502863979092733,176.27516461178328,1.2806405098328155,0.0,0.0,0.3571562170982361,0.3917266091820252,0.4156997107832633,0.0018354974441154,69,244,377,495,676,15.84453877137366,5.686042353850966,294.7248926236781,0.3684061157795976,results/frozen_sources/mechanisms/temporal_homogenization_per_seed.csv#row=29
N-MNIST,SNN-DFA,20260831,H3,completed_epoch_100,b486ef7efe077a5e11dbfa4148cfa5a8ec90514c3508227a9bf491bde631d58a,basis_eval,512,30,800,same_trained_model_and_neuron_coordinates,True,temporal_homogenization,alpha_0.75,0.75,global_frobenius_norm_matched,0.0207391219898075,0.0502859244925631,176.27350508532334,1.345123776408883,0.0,0.0,0.6724922060966492,0.6902009296282979,0.2563774434922037,0.0010071565280575,19,158,292,420,637,7.965969678415049,4.934140617132736,138.9536767968454,0.1736920959960567,results/frozen_sources/mechanisms/temporal_homogenization_per_seed.csv#row=30
N-MNIST,SNN-DFA,20260831,H3,completed_epoch_100,b486ef7efe077a5e11dbfa4148cfa5a8ec90514c3508227a9bf491bde631d58a,basis_eval,512,30,800,same_trained_model_and_neuron_coordinates,True,temporal_homogenization,alpha_1,1.0,global_frobenius_norm_matched,0.0267377685391892,0.0502890340727441,176.2844054834788,1.3911158568136708,0.0,0.0,1.0,0.9999999999984934,0.0,0.0,5,19,38,62,132,4.802953297145558,3.3331033475687235,28.025178761129386,0.0350314734514117,results/frozen_sources/mechanisms/temporal_homogenization_per_seed.csv#row=31
N-MNIST,SNN-DFA,20260901,H1,completed_epoch_100,554990a77b2d2e8f6498d66d6182e5b9f7b8a61fd2c63c09d3ded066f44b5563,basis_eval,512,30,800,same_trained_model_and_neuron_coordinates,True,temporal_homogenization,alpha_0,0.0,global_frobenius_norm_matched,0.0129845715701086,0.0659849421825243,231.3052242498822,1.805772473569588,0.0,0.0,0.0581362098455429,0.1064368299023559,0.2044666218221333,0.0039513325854116,128,333,463,562,692,49.5920722082469,6.156307662460865,471.6832418205877,0.5896040522757346,results/frozen_sources/mechanisms/temporal_homogenization_per_seed.csv#row=32
N-MNIST,SNN-DFA,20260901,H1,completed_epoch_100,554990a77b2d2e8f6498d66d6182e5b9f7b8a61fd2c63c09d3ded066f44b5563,basis_eval,512,30,800,same_trained_model_and_neuron_coordinates,True,temporal_homogenization,alpha_0.25,0.25,global_frobenius_norm_matched,0.0167372679859408,0.0660460416471345,231.51940380200568,1.8076391474517497,0.0,0.0,0.1224961876869201,0.1672028546990256,0.1991097885830643,0.0036930059146683,116,322,453,555,690,32.43790336663201,6.0555223264560105,426.4615994659312,0.5330769993324139,results/frozen_sources/mechanisms/temporal_homogenization_per_seed.csv#row=33
N-MNIST,SNN-DFA,20260901,H1,completed_epoch_100,554990a77b2d2e8f6498d66d6182e5b9f7b8a61fd2c63c09d3ded066f44b5563,basis_eval,512,30,800,same_trained_model_and_neuron_coordinates,True,temporal_homogenization,alpha_0.5,0.5,global_frobenius_norm_matched,0.0229923486634512,0.0660302988952491,231.4642187759324,1.8091623152165088,0.0,0.0,0.265798807144165,0.3030216326778819,0.1809523424130047,0.0030973837737153,84,289,426,535,681,18.509384577060064,5.767065253803282,319.59841475953897,0.3994980184494237,results/frozen_sources/mechanisms/temporal_homogenization_per_seed.csv#row=34
N-MNIST,SNN-DFA,20260901,H1,completed_epoch_100,554990a77b2d2e8f6498d66d6182e5b9f7b8a61fd2c63c09d3ded066f44b5563,basis_eval,512,30,800,same_trained_model_and_neuron_coordinates,True,temporal_homogenization,alpha_0.75,0.75,global_frobenius_norm_matched,0.0336281167790114,0.0660101518234674,231.3935947395722,1.8132467127837133,0.0,0.0,0.6039078235626221,0.6240040757174922,0.1199823442792458,0.0016564313753363,14,164,314,445,642,9.445060827960084,4.860723916777043,129.1176387080092,0.1613970483850114,results/frozen_sources/mechanisms/temporal_homogenization_per_seed.csv#row=35
N-MNIST,SNN-DFA,20260901,H1,completed_epoch_100,554990a77b2d2e8f6498d66d6182e5b9f7b8a61fd2c63c09d3ded066f44b5563,basis_eval,512,30,800,same_trained_model_and_neuron_coordinates,True,temporal_homogenization,alpha_1,1.0,global_frobenius_norm_matched,0.0427100517428762,0.0660058621557278,231.37855763376004,1.8098650848333544,0.0,0.0,1.0,0.9999999999988298,0.0,0.0,5,22,46,75,155,6.30128364158433,3.4565029216088314,31.705904380802423,0.039632380476003,results/frozen_sources/mechanisms/temporal_homogenization_per_seed.csv#row=36
N-MNIST,SNN-DFA,20260901,H2,completed_epoch_100,554990a77b2d2e8f6498d66d6182e5b9f7b8a61fd2c63c09d3ded066f44b5563,basis_eval,512,30,800,same_trained_model_and_neuron_coordinates,True,temporal_homogenization,alpha_0,0.0,global_frobenius_norm_matched,0.0186192920542552,0.0796819855352072,279.3191737883867,2.138506678302862,0.0,0.0,0.0835643112659454,0.1270122363172993,0.294775340090343,0.0056435348699137,106,300,431,537,678,34.045276655207715,6.001673610192041,404.1045413448045,0.5051306766810056,results/frozen_sources/mechanisms/temporal_homogenization_per_seed.csv#row=37
N-MNIST,SNN-DFA,20260901,H2,completed_epoch_100,554990a77b2d2e8f6498d66d6182e5b9f7b8a61fd2c63c09d3ded066f44b5563,basis_eval,512,30,800,same_trained_model_and_neuron_coordinates,True,temporal_homogenization,alpha_0.25,0.25,global_frobenius_norm_matched,0.0238456446188054,0.0797758443145639,279.64818864070577,2.146022195760919,0.0,0.0,0.1676324307918548,0.2058787328261657,0.284474600908545,0.0052067358527241,93,287,420,529,675,24.15140301891392,5.872355299979048,355.08432624257705,0.4438554078032213,results/frozen_sources/mechanisms/temporal_homogenization_per_seed.csv#row=38
N-MNIST,SNN-DFA,20260901,H2,completed_epoch_100,554990a77b2d2e8f6498d66d6182e5b9f7b8a61fd2c63c09d3ded066f44b5563,basis_eval,512,30,800,same_trained_model_and_neuron_coordinates,True,temporal_homogenization,alpha_0.5,0.5,global_frobenius_norm_matched,0.0322677665751438,0.0797300104685307,279.4875215599485,2.1605572738998933,0.0,0.0,0.3397183418273926,0.3700871177215733,0.2514593707839252,0.0042374316523008,62,252,390,505,665,14.842586320567015,5.52917727419503,251.93655103325156,0.3149206887915644,results/frozen_sources/mechanisms/temporal_homogenization_per_seed.csv#row=39
N-MNIST,SNN-DFA,20260901,H2,completed_epoch_100,554990a77b2d2e8f6498d66d6182e5b9f7b8a61fd2c63c09d3ded066f44b5563,basis_eval,512,30,800,same_trained_model_and_neuron_coordinates,True,temporal_homogenization,alpha_0.75,0.75,global_frobenius_norm_matched,0.0456138393664004,0.079700194473571,279.3830038446729,2.194984701227673,0.0,0.0,0.6784089207649231,0.6934856560252677,0.156957242923267,0.0021168893577204,8,130,273,407,620,8.087222958592992,4.5359972155104265,93.31652560777272,0.1166456570097159,results/frozen_sources/mechanisms/temporal_homogenization_per_seed.csv#row=40
N-MNIST,SNN-DFA,20260901,H2,completed_epoch_100,554990a77b2d2e8f6498d66d6182e5b9f7b8a61fd2c63c09d3ded066f44b5563,basis_eval,512,30,800,same_trained_model_and_neuron_coordinates,True,temporal_homogenization,alpha_1,1.0,global_frobenius_norm_matched,0.0558508267330659,0.079684079784939,279.3265150224762,2.215433843234912,0.0,0.0,1.0,0.999999999999064,0.0,0.0,4,13,31,56,133,5.607789703788375,3.118702595021587,22.61701716911205,0.02827127146139,results/frozen_sources/mechanisms/temporal_homogenization_per_seed.csv#row=41
N-MNIST,SNN-DFA,20260901,H3,completed_epoch_100,554990a77b2d2e8f6498d66d6182e5b9f7b8a61fd2c63c09d3ded066f44b5563,basis_eval,512,30,800,same_trained_model_and_neuron_coordinates,True,temporal_homogenization,alpha_0,0.0,global_frobenius_norm_matched,0.007992614992574,0.0506946907210867,177.70640418360176,1.2622161225251112,0.0,0.0,0.0856544226408004,0.1364355746944233,0.4768006940193525,0.0023495129215,95,273,404,516,685,41.68307580580713,5.969187366391296,391.1876493187913,0.4889845616484891,results/frozen_sources/mechanisms/temporal_homogenization_per_seed.csv#row=42
N-MNIST,SNN-DFA,20260901,H3,completed_epoch_100,554990a77b2d2e8f6498d66d6182e5b9f7b8a61fd2c63c09d3ded066f44b5563,basis_eval,512,30,800,same_trained_model_and_neuron_coordinates,True,temporal_homogenization,alpha_0.25,0.25,global_frobenius_norm_matched,0.0103262398678957,0.0507342333534584,177.84501789069995,1.2735365657504951,0.0,0.0,0.1765448898077011,0.2208449161406663,0.4555374123535442,0.0022060075576251,88,266,398,511,683,30.84191947267709,5.902593191549363,365.9853083770431,0.4574816354713039,results/frozen_sources/mechanisms/temporal_homogenization_per_seed.csv#row=43
N-MNIST,SNN-DFA,20260901,H3,completed_epoch_100,554990a77b2d2e8f6498d66d6182e5b9f7b8a61fd2c63c09d3ded066f44b5563,basis_eval,512,30,800,same_trained_model_and_neuron_coordinates,True,temporal_homogenization,alpha_0.5,0.5,global_frobenius_norm_matched,0.0142681552158477,0.0507382424812099,177.85907158481723,1.30122441716297,0.0,0.0,0.3472980260848999,0.3822552928445375,0.3969034000005746,0.0018718701130911,71,245,379,495,675,19.01245012735845,5.702161171794737,299.5140032220027,0.3743925040275034,results/frozen_sources/mechanisms/temporal_homogenization_per_seed.csv#row=44
N-MNIST,SNN-DFA,20260901,H3,completed_epoch_100,554990a77b2d2e8f6498d66d6182e5b9f7b8a61fd2c63c09d3ded066f44b5563,basis_eval,512,30,800,same_trained_model_and_neuron_coordinates,True,temporal_homogenization,alpha_0.75,0.75,global_frobenius_norm_matched,0.0211597319936211,0.0507366586182484,177.85351947300478,1.3617701177654982,0.0,0.0,0.6652490496635437,0.6830711657341074,0.2454401377818302,0.0010292014615613,19,159,294,421,636,9.41578101932824,4.947126433673244,140.76987060897295,0.1759623382612161,results/frozen_sources/mechanisms/temporal_homogenization_per_seed.csv#row=45
N-MNIST,SNN-DFA,20260901,H3,completed_epoch_100,554990a77b2d2e8f6498d66d6182e5b9f7b8a61fd2c63c09d3ded066f44b5563,basis_eval,512,30,800,same_trained_model_and_neuron_coordinates,True,temporal_homogenization,alpha_1,1.0,global_frobenius_norm_matched,0.0273141158869677,0.0507390369636808,177.8618565830368,1.4048877509876978,0.0,0.0,1.0,0.999999999998513,0.0,0.0,5,19,39,64,140,5.676794814517526,3.371652558651269,29.126620757136926,0.0364082759464211,results/frozen_sources/mechanisms/temporal_homogenization_per_seed.csv#row=46
N-MNIST,SNN-DFA,20260908,H1,completed_epoch_100,9aad88592135096912c2e9971ced9f74b63d546bdd69208e989abf481efd833e,basis_eval,512,30,800,same_trained_model_and_neuron_coordinates,True,temporal_homogenization,alpha_0,0.0,global_frobenius_norm_matched,0.0127484654715901,0.0654185280154216,229.3197022261208,1.788884841525267,0.0,0.0,0.0580960139632225,0.1067043914341143,0.2070840842017045,0.0038840226140507,128,331,459,557,683,54.376903728769086,6.149796433048668,468.62198112400233,0.5857774764050029,results/frozen_sources/mechanisms/temporal_homogenization_per_seed.csv#row=47
N-MNIST,SNN-DFA,20260908,H1,completed_epoch_100,9aad88592135096912c2e9971ced9f74b63d546bdd69208e989abf481efd833e,basis_eval,512,30,800,same_trained_model_and_neuron_coordinates,True,temporal_homogenization,alpha_0.25,0.25,global_frobenius_norm_matched,0.01643286057202,0.0654775426378408,229.52657352162427,1.7907418922494964,0.0,0.0,0.1225612759590148,0.1674805025225895,0.2016471407873626,0.003630068274403,116,319,449,550,681,36.061800811340646,6.048960070351197,423.6722115801996,0.5295902644752495,results/frozen_sources/mechanisms/temporal_homogenization_per_seed.csv#row=48
N-MNIST,SNN-DFA,20260908,H1,completed_epoch_100,9aad88592135096912c2e9971ced9f74b63d546bdd69208e989abf481efd833e,basis_eval,512,30,800,same_trained_model_and_neuron_coordinates,True,temporal_homogenization,alpha_0.5,0.5,global_frobenius_norm_matched,0.0225749552266968,0.0654612698729006,229.46953057487667,1.7924073538787522,0.0,0.0,0.2659997344017029,0.3032972528310019,0.1831935951905578,0.0030448067220245,84,286,422,529,673,20.802023451546383,5.760657217900638,317.55696447235374,0.3969462055904422,results/frozen_sources/mechanisms/temporal_homogenization_per_seed.csv#row=49
N-MNIST,SNN-DFA,20260908,H1,completed_epoch_100,9aad88592135096912c2e9971ced9f74b63d546bdd69208e989abf481efd833e,basis_eval,512,30,800,same_trained_model_and_neuron_coordinates,True,temporal_homogenization,alpha_0.75,0.75,global_frobenius_norm_matched,0.0330222235047857,0.0654432880738427,229.4064967382913,1.7969254690394076,0.0,0.0,0.6039345860481262,0.6239515904933989,0.1213889003922446,0.0016287655253148,14,161,309,440,634,10.685608724343906,4.854789144337338,128.35362427271028,0.1604420303408878,results/frozen_sources/mechanisms/temporal_homogenization_per_seed.csv#row=50
N-MNIST,SNN-DFA,20260908,H1,completed_epoch_100,9aad88592135096912c2e9971ced9f74b63d546bdd69208e989abf481efd833e,basis_eval,512,30,800,same_trained_model_and_neuron_coordinates,True,temporal_homogenization,alpha_1,1.0,global_frobenius_norm_matched,0.0419455572408653,0.0654387350285406,229.3905363823345,1.793819908507891,0.0,0.0,1.0,0.9999999999988176,0.0,0.0,5,22,46,75,146,7.143525893358678,3.4483162061585744,31.44739677147652,0.0393092459643456,results/frozen_sources/mechanisms/temporal_homogenization_per_seed.csv#row=51
N-MNIST,SNN-DFA,20260908,H2,completed_epoch_100,9aad88592135096912c2e9971ced9f74b63d546bdd69208e989abf481efd833e,basis_eval,512,30,800,same_trained_model_and_neuron_coordinates,True,temporal_homogenization,alpha_0,0.0,global_frobenius_norm_matched,0.0180714903137724,0.0784339304263179,274.9442109970391,2.0978275386700624,0.0,0.0,0.0834382772445678,0.1277970875771341,0.3060682971227998,0.0054703020651909,111,307,436,538,671,34.584512110157725,6.0325253402923344,416.76617799115337,0.5209577224889417,results/frozen_sources/mechanisms/temporal_homogenization_per_seed.csv#row=52
N-MNIST,SNN-DFA,20260908,H2,completed_epoch_100,9aad88592135096912c2e9971ced9f74b63d546bdd69208e989abf481efd833e,basis_eval,512,30,800,same_trained_model_and_neuron_coordinates,True,temporal_homogenization,alpha_0.25,0.25,global_frobenius_norm_matched,0.0231471256839215,0.0785267382175604,275.2695416900029,2.105544019595382,0.0,0.0,0.1681481897830963,0.2070874578781628,0.2953728635222782,0.0050482404936897,98,294,426,530,668,24.494679995480517,5.906064625291156,367.2580098969492,0.4590725123711864,results/frozen_sources/mechanisms/temporal_homogenization_per_seed.csv#row=53
N-MNIST,SNN-DFA,20260908,H2,completed_epoch_100,9aad88592135096912c2e9971ced9f74b63d546bdd69208e989abf481efd833e,basis_eval,512,30,800,same_trained_model_and_neuron_coordinates,True,temporal_homogenization,alpha_0.5,0.5,global_frobenius_norm_matched,0.0313321225199151,0.078484381571022,275.121063669091,2.120963943802335,0.0,0.0,0.3411493301391601,0.3719493763347867,0.2610037452653347,0.0041109577237745,66,259,396,507,659,15.073292879133517,5.5687431043834525,262.10445417942464,0.3276305677242808,results/frozen_sources/mechanisms/temporal_homogenization_per_seed.csv#row=54
N-MNIST,SNN-DFA,20260908,H2,completed_epoch_100,9aad88592135096912c2e9971ced9f74b63d546bdd69208e989abf481efd833e,basis_eval,512,30,800,same_trained_model_and_neuron_coordinates,True,temporal_homogenization,alpha_0.75,0.75,global_frobenius_norm_matched,0.0443172900340424,0.078454430796474,275.0160734941604,2.157168301661214,0.0,0.0,0.6793143153190613,0.6945766757439776,0.1627677731418725,0.0020561262543855,8,134,278,410,616,8.225937967795682,4.586298884270459,98.13056464675282,0.122663205808441,results/frozen_sources/mechanisms/temporal_homogenization_per_seed.csv#row=55
N-MNIST,SNN-DFA,20260908,H2,completed_epoch_100,9aad88592135096912c2e9971ced9f74b63d546bdd69208e989abf481efd833e,basis_eval,512,30,800,same_trained_model_and_neuron_coordinates,True,temporal_homogenization,alpha_1,1.0,global_frobenius_norm_matched,0.0542928310694936,0.0784344290674081,274.945958945717,2.178540598650866,0.0,0.0,1.0,0.9999999999990474,0.0,0.0,4,14,34,58,125,5.7040587893442,3.172877295631953,23.876084170821184,0.0298451052135264,results/frozen_sources/mechanisms/temporal_homogenization_per_seed.csv#row=56
N-MNIST,SNN-DFA,20260908,H3,completed_epoch_100,9aad88592135096912c2e9971ced9f74b63d546bdd69208e989abf481efd833e,basis_eval,512,30,800,same_trained_model_and_neuron_coordinates,True,temporal_homogenization,alpha_0,0.0,global_frobenius_norm_matched,0.0080752498187902,0.0510966494466838,179.11544009525807,1.2686475287219816,0.0,0.0,0.0864801332354545,0.1353426659684559,0.4808315073887553,0.002385791022067,95,276,408,522,694,44.877746430415456,5.975161818880248,393.5317768104556,0.4919147210130695,results/frozen_sources/mechanisms/temporal_homogenization_per_seed.csv#row=57
N-MNIST,SNN-DFA,20260908,H3,completed_epoch_100,9aad88592135096912c2e9971ced9f74b63d546bdd69208e989abf481efd833e,basis_eval,512,30,800,same_trained_model_and_neuron_coordinates,True,temporal_homogenization,alpha_0.25,0.25,global_frobenius_norm_matched,0.0104317108985968,0.0511382328156136,179.26120745000946,1.28026333098571,0.0,0.0,0.1781613230705261,0.220786546882468,0.4592543943086758,0.0022395155325608,88,268,401,517,691,32.972975391921146,5.904914541663807,366.835875264348,0.4585448440804349,results/frozen_sources/mechanisms/temporal_homogenization_per_seed.csv#row=58
N-MNIST,SNN-DFA,20260908,H3,completed_epoch_100,9aad88592135096912c2e9971ced9f74b63d546bdd69208e989abf481efd833e,basis_eval,512,30,800,same_trained_model_and_neuron_coordinates,True,temporal_homogenization,alpha_0.5,0.5,global_frobenius_norm_matched,0.0144083917261026,0.0511410631788257,179.2711290741881,1.3085265861374833,0.0,0.0,0.3493790924549103,0.3831467841390069,0.3999463067604121,0.0018988536331451,70,247,381,500,683,20.23120853793508,5.693902651897485,297.05064670699187,0.3713133083837398,results/frozen_sources/mechanisms/temporal_homogenization_per_seed.csv#row=59
N-MNIST,SNN-DFA,20260908,H3,completed_epoch_100,9aad88592135096912c2e9971ced9f74b63d546bdd69208e989abf481efd833e,basis_eval,512,30,800,same_trained_model_and_neuron_coordinates,True,temporal_homogenization,alpha_0.75,0.75,global_frobenius_norm_matched,0.0213488181024929,0.0511402785436067,179.26837859477862,1.370140291145409,0.0,0.0,0.667016327381134,0.6841747850651783,0.2473542197810412,0.0010421930147669,17,157,292,421,642,10.048872185372502,4.909668808466636,135.5944992209981,0.1694931240262476,results/frozen_sources/mechanisms/temporal_homogenization_per_seed.csv#row=60
N-MNIST,SNN-DFA,20260908,H3,completed_epoch_100,9aad88592135096912c2e9971ced9f74b63d546bdd69208e989abf481efd833e,basis_eval,512,30,800,same_trained_model_and_neuron_coordinates,True,temporal_homogenization,alpha_1,1.0,global_frobenius_norm_matched,0.027527137844367,0.0511411191564735,179.27132529960903,1.413823722465417,0.0,0.0,1.0,0.9999999999985184,0.0,0.0,4,18,37,62,127,6.112733973568385,3.3109095969128743,27.410046229695094,0.0342625577871188,results/frozen_sources/mechanisms/temporal_homogenization_per_seed.csv#row=61
N-MNIST,SNN-DFA,20260909,H1,completed_epoch_100,0800c9e1ee7b4cf64c5099e83f65ae2c8adb1bf072ccdaa45be9f1911ae9bad7,basis_eval,512,30,800,same_trained_model_and_neuron_coordinates,True,temporal_homogenization,alpha_0,0.0,global_frobenius_norm_matched,0.0125399515634074,0.0648233262756018,227.23326754345996,1.7708581180841363,0.0,0.0,0.0577606633305549,0.10571942270405,0.2088612055919909,0.0038148680434816,126,325,451,550,683,52.49342029089328,6.1395231779636426,463.83235263569344,0.5797904407946168,results/frozen_sources/mechanisms/temporal_homogenization_per_seed.csv#row=62
N-MNIST,SNN-DFA,20260909,H1,completed_epoch_100,0800c9e1ee7b4cf64c5099e83f65ae2c8adb1bf072ccdaa45be9f1911ae9bad7,basis_eval,512,30,800,same_trained_model_and_neuron_coordinates,True,temporal_homogenization,alpha_0.25,0.25,global_frobenius_norm_matched,0.0161655108124977,0.0648808026748071,227.4347467138203,1.7726732557547966,0.0,0.0,0.1220868676900863,0.1664416033483899,0.2034240508017885,0.0035660644972888,115,314,442,543,680,35.083372303224415,6.042815011981123,421.0767040504647,0.5263458800630808,results/frozen_sources/mechanisms/temporal_homogenization_per_seed.csv#row=63
N-MNIST,SNN-DFA,20260909,H1,completed_epoch_100,0800c9e1ee7b4cf64c5099e83f65ae2c8adb1bf072ccdaa45be9f1911ae9bad7,basis_eval,512,30,800,same_trained_model_and_neuron_coordinates,True,temporal_homogenization,alpha_0.5,0.5,global_frobenius_norm_matched,0.0222126898716497,0.0648642692012044,227.3767898725742,1.7743540707338366,0.0,0.0,0.2653565406799316,0.30229823799357,0.1848954082758191,0.0029924721491333,84,283,416,523,672,20.324137607019303,5.763785020153112,318.5517748351348,0.3981897185439185,results/frozen_sources/mechanisms/temporal_homogenization_per_seed.csv#row=64
N-MNIST,SNN-DFA,20260909,H1,completed_epoch_100,0800c9e1ee7b4cf64c5099e83f65ae2c8adb1bf072ccdaa45be9f1911ae9bad7,basis_eval,512,30,800,same_trained_model_and_neuron_coordinates,True,temporal_homogenization,alpha_0.75,0.75,global_frobenius_norm_matched,0.0325112591520432,0.0648477515322433,227.3188884333049,1.7790470983462046,0.0,0.0,0.6033108234405518,0.6233312934492763,0.122603555971351,0.0016026378653263,15,164,308,436,632,10.408681606055342,4.872352835119976,130.62790152709246,0.1632848769088656,results/frozen_sources/mechanisms/temporal_homogenization_per_seed.csv#row=65
N-MNIST,SNN-DFA,20260909,H1,completed_epoch_100,0800c9e1ee7b4cf64c5099e83f65ae2c8adb1bf072ccdaa45be9f1911ae9bad7,basis_eval,512,30,800,same_trained_model_and_neuron_coordinates,True,temporal_homogenization,alpha_1,1.0,global_frobenius_norm_matched,0.0413225706133761,0.0648420400938801,227.29886741809403,1.7761042867038344,0.0,0.0,1.0,0.9999999999988036,0.0,0.0,5,22,47,75,147,6.912711458422286,3.4579539131152943,31.75194277134317,0.0396899284641789,results/frozen_sources/mechanisms/temporal_homogenization_per_seed.csv#row=66
N-MNIST,SNN-DFA,20260909,H2,completed_epoch_100,0800c9e1ee7b4cf64c5099e83f65ae2c8adb1bf072ccdaa45be9f1911ae9bad7,basis_eval,512,30,800,same_trained_model_and_neuron_coordinates,True,temporal_homogenization,alpha_0,0.0,global_frobenius_norm_matched,0.0187023040796299,0.0798131234254295,279.7788677443478,2.1278719393064502,0.0,0.0,0.0862229540944099,0.1306824314420197,0.3143915440178949,0.0056491428788165,104,300,432,536,674,33.98108993861835,5.992686556518867,400.4891025474471,0.5006113781843089,results/frozen_sources/mechanisms/temporal_homogenization_per_seed.csv#row=67
N-MNIST,SNN-DFA,20260909,H2,completed_epoch_100,0800c9e1ee7b4cf64c5099e83f65ae2c8adb1bf072ccdaa45be9f1911ae9bad7,basis_eval,512,30,800,same_trained_model_and_neuron_coordinates,True,temporal_homogenization,alpha_0.25,0.25,global_frobenius_norm_matched,0.0239341307632887,0.0799058941063047,280.10406834972184,2.136126881033096,0.0,0.0,0.1734426617622375,0.2121171608788666,0.3030201211690119,0.0052041544486503,91,287,421,527,670,24.746127454126817,5.860193600375369,350.79205091903503,0.4384900636487938,results/frozen_sources/mechanisms/temporal_homogenization_per_seed.csv#row=68
N-MNIST,SNN-DFA,20260909,H2,completed_epoch_100,0800c9e1ee7b4cf64c5099e83f65ae2c8adb1bf072ccdaa45be9f1911ae9bad7,basis_eval,512,30,800,same_trained_model_and_neuron_coordinates,True,temporal_homogenization,alpha_0.5,0.5,global_frobenius_norm_matched,0.0323377212563417,0.0798615944832718,279.9487793716758,2.153034458537816,0.0,0.0,0.3490790128707886,0.3795894104010081,0.2667941542119745,0.0042223202123532,60,250,390,503,661,15.066484588176891,5.510077487168515,247.17027885065468,0.3089628485633183,results/frozen_sources/mechanisms/temporal_homogenization_per_seed.csv#row=69
N-MNIST,SNN-DFA,20260909,H2,completed_epoch_100,0800c9e1ee7b4cf64c5099e83f65ae2c8adb1bf072ccdaa45be9f1911ae9bad7,basis_eval,512,30,800,same_trained_model_and_neuron_coordinates,True,temporal_homogenization,alpha_0.75,0.75,global_frobenius_norm_matched,0.0455577579919592,0.079832945322248,279.84835190450434,2.191701432771749,0.0,0.0,0.685680091381073,0.7006585135468391,0.1653219713014808,0.0020950627492328,8,126,269,403,615,8.196801139690134,4.5071814390998455,90.66591064327623,0.1133323883040953,results/frozen_sources/mechanisms/temporal_homogenization_per_seed.csv#row=70
N-MNIST,SNN-DFA,20260909,H2,completed_epoch_100,0800c9e1ee7b4cf64c5099e83f65ae2c8adb1bf072ccdaa45be9f1911ae9bad7,basis_eval,512,30,800,same_trained_model_and_neuron_coordinates,True,temporal_homogenization,alpha_1,1.0,global_frobenius_norm_matched,0.0555936929358561,0.079817031274384,279.7925664133335,2.214035735903207,0.0,0.0,1.0,0.9999999999990594,0.0,0.0,4,12,30,54,123,5.704862799769183,3.094232405133817,22.070290991892687,0.0275878637398658,results/frozen_sources/mechanisms/temporal_homogenization_per_seed.csv#row=71
N-MNIST,SNN-DFA,20260909,H3,completed_epoch_100,0800c9e1ee7b4cf64c5099e83f65ae2c8adb1bf072ccdaa45be9f1911ae9bad7,basis_eval,512,30,800,same_trained_model_and_neuron_coordinates,True,temporal_homogenization,alpha_0,0.0,global_frobenius_norm_matched,0.0076949526751224,0.0496889647003527,174.18090768295752,1.2293457530347984,0.0,0.0,0.085133671760559,0.1321142973336983,0.4941190481245318,0.0022607538422988,90,269,402,517,686,36.91713315621613,5.942550290120197,380.9051104307971,0.4761313880384963,results/frozen_sources/mechanisms/temporal_homogenization_per_seed.csv#row=72
N-MNIST,SNN-DFA,20260909,H3,completed_epoch_100,0800c9e1ee7b4cf64c5099e83f65ae2c8adb1bf072ccdaa45be9f1911ae9bad7,basis_eval,512,30,800,same_trained_model_and_neuron_coordinates,True,temporal_homogenization,alpha_0.25,0.25,global_frobenius_norm_matched,0.0099466447075444,0.0497266044185802,174.31285086844147,1.240618916758124,0.0,0.0,0.1771836727857589,0.217879857617856,0.4723163448452856,0.0021247953571171,84,262,396,512,684,27.82282508398101,5.875690025583072,356.27041157230025,0.4453380144653753,results/frozen_sources/mechanisms/temporal_homogenization_per_seed.csv#row=73
N-MNIST,SNN-DFA,20260909,H3,completed_epoch_100,0800c9e1ee7b4cf64c5099e83f65ae2c8adb1bf072ccdaa45be9f1911ae9bad7,basis_eval,512,30,800,same_trained_model_and_neuron_coordinates,True,temporal_homogenization,alpha_0.5,0.5,global_frobenius_norm_matched,0.0137601136168006,0.0497308594196104,174.3277664527434,1.2686138633899209,0.0,0.0,0.3482837975025177,0.3804931160085238,0.4118436988107831,0.0018072799041874,67,241,376,495,676,17.159948049734535,5.672029116070662,290.62364561190844,0.3632795570148855,results/frozen_sources/mechanisms/temporal_homogenization_per_seed.csv#row=74
N-MNIST,SNN-DFA,20260909,H3,completed_epoch_100,0800c9e1ee7b4cf64c5099e83f65ae2c8adb1bf072ccdaa45be9f1911ae9bad7,basis_eval,512,30,800,same_trained_model_and_neuron_coordinates,True,temporal_homogenization,alpha_0.75,0.75,global_frobenius_norm_matched,0.0204680097141162,0.0497297091228741,174.3237341745418,1.330228911719604,0.0,0.0,0.6647129058837891,0.6811844270384498,0.255581139708686,0.0009997067336578,18,155,289,418,636,8.46391107827692,4.900251245259942,134.32352359436112,0.1679044044929514,results/frozen_sources/mechanisms/temporal_homogenization_per_seed.csv#row=75
N-MNIST,SNN-DFA,20260909,H3,completed_epoch_100,0800c9e1ee7b4cf64c5099e83f65ae2c8adb1bf072ccdaa45be9f1911ae9bad7,basis_eval,512,30,800,same_trained_model_and_neuron_coordinates,True,temporal_homogenization,alpha_1,1.0,global_frobenius_norm_matched,0.0265198659940485,0.0497332445651449,174.3361274000385,1.3745479877755822,0.0,0.0,1.0,0.9999999999984768,0.0,0.0,4,18,38,63,131,5.091879473751495,3.286282862666764,26.74327026110959,0.0334290878263869,results/frozen_sources/mechanisms/temporal_homogenization_per_seed.csv#row=76
