dataset,method,seed,layer,width,checkpoint_rule_for_geometry,probe_split,temporal_mode,epoch100_test_accuracy,epoch100_test_loss,selected_test_accuracy,selected_test_loss,best_validation_epoch,r50,r80,r90,r95,r99,stable_rank,spectral_entropy,entropy_effective_rank,stable_rank_over_D,entropy_rank_over_D,checkpoint_sha256,source_file_geometry,source_file_accuracy_epoch100,source_file_accuracy_selected
N-MNIST,SNN-DFA,20260830,H1,800,completed_epoch_100,basis_eval,timestep,0.9795,0.0213785537153482,0.9796,0.0221327763408422,49,124,321,448,546,680,43.271599085746814,6.124434206395464,456.8861368711281,0.0540894988571835,0.5711076710889101,b8f2c8c95c5944358405d35f2d38dcb293461fa1e8641e9e6cb29ab98e39a534,results/frozen_sources/nmnist/spectral_metrics_per_seed.csv#row=8,results/frozen_sources/nmnist/all_runs.csv#row=2,results/frozen_sources/nmnist/all_runs.csv#row=3
N-MNIST,SNN-DFA,20260830,H2,800,completed_epoch_100,basis_eval,timestep,0.9795,0.0213785537153482,0.9796,0.0221327763408422,49,105,299,427,528,664,34.24198966823596,5.98992145561933,399.38323938594846,0.0428024870852949,0.4992290492324355,b8f2c8c95c5944358405d35f2d38dcb293461fa1e8641e9e6cb29ab98e39a534,results/frozen_sources/nmnist/spectral_metrics_per_seed.csv#row=10,results/frozen_sources/nmnist/all_runs.csv#row=2,results/frozen_sources/nmnist/all_runs.csv#row=3
N-MNIST,SNN-DFA,20260830,H3,800,completed_epoch_100,basis_eval,timestep,0.9795,0.0213785537153482,0.9796,0.0221327763408422,49,101,281,411,523,688,46.65953694403787,6.013041829297904,408.7247020544724,0.0583244211800473,0.5109058775680905,b8f2c8c95c5944358405d35f2d38dcb293461fa1e8641e9e6cb29ab98e39a534,results/frozen_sources/nmnist/spectral_metrics_per_seed.csv#row=12,results/frozen_sources/nmnist/all_runs.csv#row=2,results/frozen_sources/nmnist/all_runs.csv#row=3
N-MNIST,SNN-DFA,20260831,H1,800,completed_epoch_100,basis_eval,timestep,0.9802,0.0209864981979131,0.9805,0.0210296096727252,66,130,331,457,554,682,49.9820209564572,6.159079688863601,472.9925741340908,0.0624775261955714,0.5912407176676135,b486ef7efe077a5e11dbfa4148cfa5a8ec90514c3508227a9bf491bde631d58a,results/frozen_sources/nmnist/spectral_metrics_per_seed.csv#row=20,results/frozen_sources/nmnist/all_runs.csv#row=4,results/frozen_sources/nmnist/all_runs.csv#row=5
N-MNIST,SNN-DFA,20260831,H2,800,completed_epoch_100,basis_eval,timestep,0.9802,0.0209864981979131,0.9805,0.0210296096727252,66,107,296,424,526,660,35.1249940063122,5.999893953740518,403.3860136465792,0.0439062425078902,0.504232517058224,b486ef7efe077a5e11dbfa4148cfa5a8ec90514c3508227a9bf491bde631d58a,results/frozen_sources/nmnist/spectral_metrics_per_seed.csv#row=22,results/frozen_sources/nmnist/all_runs.csv#row=4,results/frozen_sources/nmnist/all_runs.csv#row=5
N-MNIST,SNN-DFA,20260831,H3,800,completed_epoch_100,basis_eval,timestep,0.9802,0.0209864981979131,0.9805,0.0210296096727252,66,92,271,402,516,686,33.2442588043034,5.9484272707822825,383.1502733262303,0.0415553235053792,0.4789378416577878,b486ef7efe077a5e11dbfa4148cfa5a8ec90514c3508227a9bf491bde631d58a,results/frozen_sources/nmnist/spectral_metrics_per_seed.csv#row=24,results/frozen_sources/nmnist/all_runs.csv#row=4,results/frozen_sources/nmnist/all_runs.csv#row=5
N-MNIST,SNN-DFA,20260901,H1,800,completed_epoch_100,basis_eval,timestep,0.9793,0.0217346093684434,0.9783,0.0229822759807109,55,128,333,463,562,692,49.5920722082469,6.156307662460865,471.6832418205877,0.0619900902603086,0.5896040522757346,554990a77b2d2e8f6498d66d6182e5b9f7b8a61fd2c63c09d3ded066f44b5563,results/frozen_sources/nmnist/spectral_metrics_per_seed.csv#row=32,results/frozen_sources/nmnist/all_runs.csv#row=6,results/frozen_sources/nmnist/all_runs.csv#row=7
N-MNIST,SNN-DFA,20260901,H2,800,completed_epoch_100,basis_eval,timestep,0.9793,0.0217346093684434,0.9783,0.0229822759807109,55,106,300,431,537,678,34.045276655207715,6.001673610192041,404.1045413448045,0.0425565958190096,0.5051306766810056,554990a77b2d2e8f6498d66d6182e5b9f7b8a61fd2c63c09d3ded066f44b5563,results/frozen_sources/nmnist/spectral_metrics_per_seed.csv#row=34,results/frozen_sources/nmnist/all_runs.csv#row=6,results/frozen_sources/nmnist/all_runs.csv#row=7
N-MNIST,SNN-DFA,20260901,H3,800,completed_epoch_100,basis_eval,timestep,0.9793,0.0217346093684434,0.9783,0.0229822759807109,55,95,273,404,516,685,41.68307580580713,5.969187366391296,391.1876493187913,0.0521038447572589,0.4889845616484891,554990a77b2d2e8f6498d66d6182e5b9f7b8a61fd2c63c09d3ded066f44b5563,results/frozen_sources/nmnist/spectral_metrics_per_seed.csv#row=36,results/frozen_sources/nmnist/all_runs.csv#row=6,results/frozen_sources/nmnist/all_runs.csv#row=7
N-MNIST,SNN-DFA,20260908,H1,800,completed_epoch_100,basis_eval,timestep,0.9792,0.021327164921164512,0.9799,0.021265442913770676,78,128,331,459,557,683,54.376903728769086,6.149796433048668,468.62198112400233,0.0679711296609613,0.5857774764050029,9aad88592135096912c2e9971ced9f74b63d546bdd69208e989abf481efd833e,results/frozen_sources/nmnist/spectral_metrics_per_seed.csv#row=44,results/frozen_sources/nmnist/all_runs.csv#row=8,results/frozen_sources/nmnist/all_runs.csv#row=9
N-MNIST,SNN-DFA,20260908,H2,800,completed_epoch_100,basis_eval,timestep,0.9792,0.021327164921164512,0.9799,0.021265442913770676,78,111,307,436,538,671,34.584512110157725,6.0325253402923344,416.76617799115337,0.0432306401376971,0.5209577224889417,9aad88592135096912c2e9971ced9f74b63d546bdd69208e989abf481efd833e,results/frozen_sources/nmnist/spectral_metrics_per_seed.csv#row=46,results/frozen_sources/nmnist/all_runs.csv#row=8,results/frozen_sources/nmnist/all_runs.csv#row=9
N-MNIST,SNN-DFA,20260908,H3,800,completed_epoch_100,basis_eval,timestep,0.9792,0.021327164921164512,0.9799,0.021265442913770676,78,95,276,408,522,694,44.877746430415456,5.975161818880248,393.5317768104556,0.0560971830380193,0.4919147210130695,9aad88592135096912c2e9971ced9f74b63d546bdd69208e989abf481efd833e,results/frozen_sources/nmnist/spectral_metrics_per_seed.csv#row=48,results/frozen_sources/nmnist/all_runs.csv#row=8,results/frozen_sources/nmnist/all_runs.csv#row=9
N-MNIST,SNN-DFA,20260909,H1,800,completed_epoch_100,basis_eval,timestep,0.9805,0.02093916489481926,0.9787,0.022500664907693865,42,126,325,451,550,683,52.49342029089328,6.1395231779636426,463.83235263569344,0.0656167753636166,0.5797904407946168,0800c9e1ee7b4cf64c5099e83f65ae2c8adb1bf072ccdaa45be9f1911ae9bad7,results/frozen_sources/nmnist/spectral_metrics_per_seed.csv#row=56,results/frozen_sources/nmnist/all_runs.csv#row=10,results/frozen_sources/nmnist/all_runs.csv#row=11
N-MNIST,SNN-DFA,20260909,H2,800,completed_epoch_100,basis_eval,timestep,0.9805,0.02093916489481926,0.9787,0.022500664907693865,42,104,300,432,536,674,33.98108993861835,5.992686556518867,400.4891025474471,0.0424763624232729,0.5006113781843089,0800c9e1ee7b4cf64c5099e83f65ae2c8adb1bf072ccdaa45be9f1911ae9bad7,results/frozen_sources/nmnist/spectral_metrics_per_seed.csv#row=58,results/frozen_sources/nmnist/all_runs.csv#row=10,results/frozen_sources/nmnist/all_runs.csv#row=11
N-MNIST,SNN-DFA,20260909,H3,800,completed_epoch_100,basis_eval,timestep,0.9805,0.02093916489481926,0.9787,0.022500664907693865,42,90,269,402,517,686,36.91713315621613,5.942550290120197,380.9051104307971,0.0461464164452701,0.4761313880384963,0800c9e1ee7b4cf64c5099e83f65ae2c8adb1bf072ccdaa45be9f1911ae9bad7,results/frozen_sources/nmnist/spectral_metrics_per_seed.csv#row=60,results/frozen_sources/nmnist/all_runs.csv#row=10,results/frozen_sources/nmnist/all_runs.csv#row=11
N-MNIST,matched SNN-BPTT,20260830,H1,800,completed_epoch_100,basis_eval,timestep,0.9876,0.0098054439276456,0.9876,0.009748055075109,95,3,6,10,16,33,4.575115207563208,2.43335430604155,11.397047219782966,0.005718894009454,0.0142463090247287,a0b1f2882ec75eaac0ffac0d00a6d8982401e9139ae70995d499e09e067c5b84,results/frozen_sources/nmnist/spectral_metrics_per_seed.csv#row=68,results/frozen_sources/nmnist/all_runs.csv#row=12,results/frozen_sources/nmnist/all_runs.csv#row=13
N-MNIST,matched SNN-BPTT,20260830,H2,800,completed_epoch_100,basis_eval,timestep,0.9876,0.0098054439276456,0.9876,0.009748055075109,95,3,8,12,16,31,2.882588801086,2.3931214337473192,10.9476129136874,0.0036032360013574,0.0136845161421092,a0b1f2882ec75eaac0ffac0d00a6d8982401e9139ae70995d499e09e067c5b84,results/frozen_sources/nmnist/spectral_metrics_per_seed.csv#row=70,results/frozen_sources/nmnist/all_runs.csv#row=12,results/frozen_sources/nmnist/all_runs.csv#row=13
N-MNIST,matched SNN-BPTT,20260830,H3,800,completed_epoch_100,basis_eval,timestep,0.9876,0.0098054439276456,0.9876,0.009748055075109,95,4,7,10,14,24,4.79150232163464,2.4562217882857404,11.660671721205034,0.0059893779020433,0.0145758396515062,a0b1f2882ec75eaac0ffac0d00a6d8982401e9139ae70995d499e09e067c5b84,results/frozen_sources/nmnist/spectral_metrics_per_seed.csv#row=72,results/frozen_sources/nmnist/all_runs.csv#row=12,results/frozen_sources/nmnist/all_runs.csv#row=13
N-MNIST,matched SNN-BPTT,20260831,H1,800,completed_epoch_100,basis_eval,timestep,0.9895,0.0096453882509842,0.9894,0.0097562772857025,90,1,3,5,11,31,1.6723815611879655,1.509973425302605,4.526610499411611,0.0020904769514849,0.0056582631242645,357d3640f99b0cfbbb828f68ee6a43f64e1a763012803411748d5deacc093fb7,results/frozen_sources/nmnist/spectral_metrics_per_seed.csv#row=80,results/frozen_sources/nmnist/all_runs.csv#row=14,results/frozen_sources/nmnist/all_runs.csv#row=15
N-MNIST,matched SNN-BPTT,20260831,H2,800,completed_epoch_100,basis_eval,timestep,0.9895,0.0096453882509842,0.9894,0.0097562772857025,90,1,4,6,11,33,1.5630801797513287,1.56905658934752,4.802115689009256,0.0019538502246891,0.0060026446112615,357d3640f99b0cfbbb828f68ee6a43f64e1a763012803411748d5deacc093fb7,results/frozen_sources/nmnist/spectral_metrics_per_seed.csv#row=82,results/frozen_sources/nmnist/all_runs.csv#row=14,results/frozen_sources/nmnist/all_runs.csv#row=15
N-MNIST,matched SNN-BPTT,20260831,H3,800,completed_epoch_100,basis_eval,timestep,0.9895,0.0096453882509842,0.9894,0.0097562772857025,90,1,3,5,7,22,1.5695249454261682,1.461287066558024,4.311505152882741,0.0019619061817827,0.0053893814411034,357d3640f99b0cfbbb828f68ee6a43f64e1a763012803411748d5deacc093fb7,results/frozen_sources/nmnist/spectral_metrics_per_seed.csv#row=84,results/frozen_sources/nmnist/all_runs.csv#row=14,results/frozen_sources/nmnist/all_runs.csv#row=15
N-MNIST,matched SNN-BPTT,20260901,H1,800,completed_epoch_100,basis_eval,timestep,0.9897,0.0091246662827208,0.9893,0.0093222217239439,75,1,2,4,7,19,1.7585561803988434,1.4099436637843832,4.095724659944062,0.0021981952254985,0.00511965582493,e6fa6653b618112c29d0cb33a3a241b19ca29b81f1b30d540f6941d226efd493,results/frozen_sources/nmnist/spectral_metrics_per_seed.csv#row=92,results/frozen_sources/nmnist/all_runs.csv#row=16,results/frozen_sources/nmnist/all_runs.csv#row=17
N-MNIST,matched SNN-BPTT,20260901,H2,800,completed_epoch_100,basis_eval,timestep,0.9897,0.0091246662827208,0.9893,0.0093222217239439,75,2,3,5,7,16,2.4243378184196698,1.649563297869611,5.204706424432469,0.0030304222730245,0.0065058830305405,e6fa6653b618112c29d0cb33a3a241b19ca29b81f1b30d540f6941d226efd493,results/frozen_sources/nmnist/spectral_metrics_per_seed.csv#row=94,results/frozen_sources/nmnist/all_runs.csv#row=16,results/frozen_sources/nmnist/all_runs.csv#row=17
N-MNIST,matched SNN-BPTT,20260901,H3,800,completed_epoch_100,basis_eval,timestep,0.9897,0.0091246662827208,0.9893,0.0093222217239439,75,1,3,4,6,10,1.6474949995785335,1.3366589849066692,3.806305314465894,0.0020593687494731,0.0047578816430823,e6fa6653b618112c29d0cb33a3a241b19ca29b81f1b30d540f6941d226efd493,results/frozen_sources/nmnist/spectral_metrics_per_seed.csv#row=96,results/frozen_sources/nmnist/all_runs.csv#row=16,results/frozen_sources/nmnist/all_runs.csv#row=17
N-MNIST,matched SNN-BPTT,20260908,H1,800,completed_epoch_100,basis_eval,timestep,0.9897,0.009382443884387612,0.9891,0.009522332896105944,80,2,6,10,15,31,2.5380060016607078,2.1969392348857717,8.997432284302533,0.0031725075020758,0.0112467903553781,da788649d6b999c28f343f26c74881473c1d5361ccde354e476bd8389f242354,results/frozen_sources/nmnist/spectral_metrics_per_seed.csv#row=104,results/frozen_sources/nmnist/all_runs.csv#row=18,results/frozen_sources/nmnist/all_runs.csv#row=19
N-MNIST,matched SNN-BPTT,20260908,H2,800,completed_epoch_100,basis_eval,timestep,0.9897,0.009382443884387612,0.9891,0.009522332896105944,80,2,4,7,10,23,2.584733093843374,1.9812249936302404,7.251620735667044,0.0032309163673042,0.0090645259195838,da788649d6b999c28f343f26c74881473c1d5361ccde354e476bd8389f242354,results/frozen_sources/nmnist/spectral_metrics_per_seed.csv#row=106,results/frozen_sources/nmnist/all_runs.csv#row=18,results/frozen_sources/nmnist/all_runs.csv#row=19
N-MNIST,matched SNN-BPTT,20260908,H3,800,completed_epoch_100,basis_eval,timestep,0.9897,0.009382443884387612,0.9891,0.009522332896105944,80,2,4,6,9,21,2.413798642131956,1.799446012892555,6.046296965865262,0.0030172483026649,0.0075578712073315,da788649d6b999c28f343f26c74881473c1d5361ccde354e476bd8389f242354,results/frozen_sources/nmnist/spectral_metrics_per_seed.csv#row=108,results/frozen_sources/nmnist/all_runs.csv#row=18,results/frozen_sources/nmnist/all_runs.csv#row=19
N-MNIST,matched SNN-BPTT,20260909,H1,800,completed_epoch_100,basis_eval,timestep,0.9887,0.00964705495648086,0.9886,0.009744555203616619,82,3,8,13,18,28,3.98487991448457,2.528443182574363,12.53397782451435,0.0049810998931057,0.0156674722806429,f9dc34813fda3e71c51cef44b549d13de3c75bc85a692aab5d81bf6e2e52a92e,results/frozen_sources/nmnist/spectral_metrics_per_seed.csv#row=116,results/frozen_sources/nmnist/all_runs.csv#row=20,results/frozen_sources/nmnist/all_runs.csv#row=21
N-MNIST,matched SNN-BPTT,20260909,H2,800,completed_epoch_100,basis_eval,timestep,0.9887,0.00964705495648086,0.9886,0.009744555203616619,82,4,9,13,18,27,5.307862077167381,2.62819813992247,13.848793818479916,0.0066348275964592,0.0173109922730998,f9dc34813fda3e71c51cef44b549d13de3c75bc85a692aab5d81bf6e2e52a92e,results/frozen_sources/nmnist/spectral_metrics_per_seed.csv#row=118,results/frozen_sources/nmnist/all_runs.csv#row=20,results/frozen_sources/nmnist/all_runs.csv#row=21
N-MNIST,matched SNN-BPTT,20260909,H3,800,completed_epoch_100,basis_eval,timestep,0.9887,0.00964705495648086,0.9886,0.009744555203616619,82,2,6,9,12,17,2.8383711135412373,2.1160190282287634,8.298037393511741,0.0035479638919265,0.0103725467418896,f9dc34813fda3e71c51cef44b549d13de3c75bc85a692aab5d81bf6e2e52a92e,results/frozen_sources/nmnist/spectral_metrics_per_seed.csv#row=120,results/frozen_sources/nmnist/all_runs.csv#row=20,results/frozen_sources/nmnist/all_runs.csv#row=21
N-MNIST,temporal ANN-DFA,20260830,H1,800,completed_epoch_100,basis_eval,timestep,0.9867,0.0275968871474266,0.9867,0.0309174650490283,18,39,253,399,508,649,11.299350085555766,5.279821817249241,196.33488874433948,0.0141241876069447,0.2454186109304243,e9da049cb3b321aa4f5700c71788e8d685b721f654fbafc0fe94502dde8dcc50,results/frozen_sources/nmnist/spectral_metrics_per_seed.csv#row=128,results/frozen_sources/nmnist/all_runs.csv#row=22,results/frozen_sources/nmnist/all_runs.csv#row=23
N-MNIST,temporal ANN-DFA,20260830,H2,800,completed_epoch_100,basis_eval,timestep,0.9867,0.0275968871474266,0.9867,0.0309174650490283,18,7,56,127,192,278,9.040062030377737,4.00773530781531,55.022121189473005,0.0113000775379721,0.0687776514868412,e9da049cb3b321aa4f5700c71788e8d685b721f654fbafc0fe94502dde8dcc50,results/frozen_sources/nmnist/spectral_metrics_per_seed.csv#row=130,results/frozen_sources/nmnist/all_runs.csv#row=22,results/frozen_sources/nmnist/all_runs.csv#row=23
N-MNIST,temporal ANN-DFA,20260830,H3,800,completed_epoch_100,basis_eval,timestep,0.9867,0.0275968871474266,0.9867,0.0309174650490283,18,6,28,64,103,166,8.004640046204486,3.631853820398165,37.78279424883873,0.0100058000577556,0.0472284928110484,e9da049cb3b321aa4f5700c71788e8d685b721f654fbafc0fe94502dde8dcc50,results/frozen_sources/nmnist/spectral_metrics_per_seed.csv#row=132,results/frozen_sources/nmnist/all_runs.csv#row=22,results/frozen_sources/nmnist/all_runs.csv#row=23
N-MNIST,temporal ANN-DFA,20260831,H1,800,completed_epoch_100,basis_eval,timestep,0.986,0.0278398516595363,0.9867,0.0282433978915214,42,71,289,429,531,659,11.724735279989597,5.595541081772297,269.2232825000316,0.0146559190999869,0.3365291031250395,582eaf2e63392b550e7f2d3208dda5e5757d7501c5ad43b98913f4a243bac29c,results/frozen_sources/nmnist/spectral_metrics_per_seed.csv#row=140,results/frozen_sources/nmnist/all_runs.csv#row=24,results/frozen_sources/nmnist/all_runs.csv#row=25
N-MNIST,temporal ANN-DFA,20260831,H2,800,completed_epoch_100,basis_eval,timestep,0.986,0.0278398516595363,0.9867,0.0282433978915214,42,7,70,154,228,326,10.098933459481254,4.199720921346304,66.6677229061257,0.0126236668243515,0.0833346536326571,582eaf2e63392b550e7f2d3208dda5e5757d7501c5ad43b98913f4a243bac29c,results/frozen_sources/nmnist/spectral_metrics_per_seed.csv#row=142,results/frozen_sources/nmnist/all_runs.csv#row=24,results/frozen_sources/nmnist/all_runs.csv#row=25
N-MNIST,temporal ANN-DFA,20260831,H3,800,completed_epoch_100,basis_eval,timestep,0.986,0.0278398516595363,0.9867,0.0282433978915214,42,7,34,75,117,178,8.562335975897657,3.80059020072324,44.72757495178621,0.010702919969872,0.0559094686897327,582eaf2e63392b550e7f2d3208dda5e5757d7501c5ad43b98913f4a243bac29c,results/frozen_sources/nmnist/spectral_metrics_per_seed.csv#row=144,results/frozen_sources/nmnist/all_runs.csv#row=24,results/frozen_sources/nmnist/all_runs.csv#row=25
N-MNIST,temporal ANN-DFA,20260901,H1,800,completed_epoch_100,basis_eval,timestep,0.9852,0.0283129748284816,0.9856,0.0293325410127639,24,86,297,430,527,650,19.451566838291257,5.78704694213585,326.04876045697534,0.024314458547864,0.4075609505712191,a6a1094ccb95d20bfdabf58320ff0c4ae9650d4ddb8667a1533d5db24a016a56,results/frozen_sources/nmnist/spectral_metrics_per_seed.csv#row=152,results/frozen_sources/nmnist/all_runs.csv#row=26,results/frozen_sources/nmnist/all_runs.csv#row=27
N-MNIST,temporal ANN-DFA,20260901,H2,800,completed_epoch_100,basis_eval,timestep,0.9852,0.0283129748284816,0.9856,0.0293325410127639,24,8,78,172,254,363,9.643524788173188,4.2655418983386495,71.20349457611128,0.0120544059852164,0.0890043682201391,a6a1094ccb95d20bfdabf58320ff0c4ae9650d4ddb8667a1533d5db24a016a56,results/frozen_sources/nmnist/spectral_metrics_per_seed.csv#row=154,results/frozen_sources/nmnist/all_runs.csv#row=26,results/frozen_sources/nmnist/all_runs.csv#row=27
N-MNIST,temporal ANN-DFA,20260901,H3,800,completed_epoch_100,basis_eval,timestep,0.9852,0.0283129748284816,0.9856,0.0293325410127639,24,7,37,85,136,210,7.44574058385848,3.857193185659882,47.33231173609002,0.009307175729823,0.0591653896701125,a6a1094ccb95d20bfdabf58320ff0c4ae9650d4ddb8667a1533d5db24a016a56,results/frozen_sources/nmnist/spectral_metrics_per_seed.csv#row=156,results/frozen_sources/nmnist/all_runs.csv#row=26,results/frozen_sources/nmnist/all_runs.csv#row=27
N-MNIST,temporal ANN-DFA,20260908,H1,800,completed_epoch_100,basis_eval,timestep,0.9861,0.027419380855560303,0.9871,0.030833746093511583,19,64,291,436,541,671,9.479222643300744,5.526223921089165,251.19359108933168,0.0118490283041259,0.3139919888616646,072604c237c2e886f379d46bf801b4f1fde4a069ae7dd08428aa34fc079c1ecb,results/frozen_sources/nmnist/spectral_metrics_per_seed.csv#row=164,results/frozen_sources/nmnist/all_runs.csv#row=28,results/frozen_sources/nmnist/all_runs.csv#row=29
N-MNIST,temporal ANN-DFA,20260908,H2,800,completed_epoch_100,basis_eval,timestep,0.9861,0.027419380855560303,0.9871,0.030833746093511583,19,9,86,176,250,347,9.646108154228484,4.399611068849881,81.41919604457362,0.0120576351927856,0.101773995055717,072604c237c2e886f379d46bf801b4f1fde4a069ae7dd08428aa34fc079c1ecb,results/frozen_sources/nmnist/spectral_metrics_per_seed.csv#row=166,results/frozen_sources/nmnist/all_runs.csv#row=28,results/frozen_sources/nmnist/all_runs.csv#row=29
N-MNIST,temporal ANN-DFA,20260908,H3,800,completed_epoch_100,basis_eval,timestep,0.9861,0.027419380855560303,0.9871,0.030833746093511583,19,6,34,78,125,201,8.93377688886896,3.807059368118773,45.01786307017882,0.0111672211110862,0.0562723288377235,072604c237c2e886f379d46bf801b4f1fde4a069ae7dd08428aa34fc079c1ecb,results/frozen_sources/nmnist/spectral_metrics_per_seed.csv#row=168,results/frozen_sources/nmnist/all_runs.csv#row=28,results/frozen_sources/nmnist/all_runs.csv#row=29
N-MNIST,temporal ANN-DFA,20260909,H1,800,completed_epoch_100,basis_eval,timestep,0.9862,0.0274838947057724,0.986,0.028547427198290825,18,105,330,465,561,678,24.71287021049585,5.946372349929966,382.3637382504408,0.0308910877631198,0.4779546728130509,81fd5ae699ebe89c5d21e5b3a8f967322f1c97a6d1f3042a2eccfcdc6da0dd0e,results/frozen_sources/nmnist/spectral_metrics_per_seed.csv#row=176,results/frozen_sources/nmnist/all_runs.csv#row=30,results/frozen_sources/nmnist/all_runs.csv#row=31
N-MNIST,temporal ANN-DFA,20260909,H2,800,completed_epoch_100,basis_eval,timestep,0.9862,0.0274838947057724,0.986,0.028547427198290825,18,9,114,226,320,449,10.07465246389669,4.600438698925214,99.52796887889556,0.0125933155798708,0.1244099610986194,81fd5ae699ebe89c5d21e5b3a8f967322f1c97a6d1f3042a2eccfcdc6da0dd0e,results/frozen_sources/nmnist/spectral_metrics_per_seed.csv#row=178,results/frozen_sources/nmnist/all_runs.csv#row=30,results/frozen_sources/nmnist/all_runs.csv#row=31
N-MNIST,temporal ANN-DFA,20260909,H3,800,completed_epoch_100,basis_eval,timestep,0.9862,0.0274838947057724,0.986,0.028547427198290825,18,6,33,80,128,202,6.53063312966606,3.71475707804648,41.04861426356701,0.0081632914120825,0.0513107678294587,81fd5ae699ebe89c5d21e5b3a8f967322f1c97a6d1f3042a2eccfcdc6da0dd0e,results/frozen_sources/nmnist/spectral_metrics_per_seed.csv#row=180,results/frozen_sources/nmnist/all_runs.csv#row=30,results/frozen_sources/nmnist/all_runs.csv#row=31
