dataset,method,seed,layer,width,probe_split,temporal_mode,checkpoint_rule,stable_rank,spectral_entropy,entropy_effective_rank,stable_rank_over_D,entropy_rank_over_D,checkpoint_sha256,source_file
N-MNIST,SNN-DFA,20260830,H1,800,basis_eval,timestep,completed_epoch_100,43.271599085746814,6.124434206395464,456.8861368711281,0.0540894988571835,0.5711076710889101,b8f2c8c95c5944358405d35f2d38dcb293461fa1e8641e9e6cb29ab98e39a534,results/frozen_sources/nmnist/spectral_metrics_per_seed.csv#row=8
N-MNIST,SNN-DFA,20260830,H2,800,basis_eval,timestep,completed_epoch_100,34.24198966823596,5.98992145561933,399.38323938594846,0.0428024870852949,0.4992290492324355,b8f2c8c95c5944358405d35f2d38dcb293461fa1e8641e9e6cb29ab98e39a534,results/frozen_sources/nmnist/spectral_metrics_per_seed.csv#row=10
N-MNIST,SNN-DFA,20260830,H3,800,basis_eval,timestep,completed_epoch_100,46.65953694403787,6.013041829297904,408.7247020544724,0.0583244211800473,0.5109058775680905,b8f2c8c95c5944358405d35f2d38dcb293461fa1e8641e9e6cb29ab98e39a534,results/frozen_sources/nmnist/spectral_metrics_per_seed.csv#row=12
N-MNIST,SNN-DFA,20260831,H1,800,basis_eval,timestep,completed_epoch_100,49.9820209564572,6.159079688863601,472.9925741340908,0.0624775261955714,0.5912407176676135,b486ef7efe077a5e11dbfa4148cfa5a8ec90514c3508227a9bf491bde631d58a,results/frozen_sources/nmnist/spectral_metrics_per_seed.csv#row=20
N-MNIST,SNN-DFA,20260831,H2,800,basis_eval,timestep,completed_epoch_100,35.1249940063122,5.999893953740518,403.3860136465792,0.0439062425078902,0.504232517058224,b486ef7efe077a5e11dbfa4148cfa5a8ec90514c3508227a9bf491bde631d58a,results/frozen_sources/nmnist/spectral_metrics_per_seed.csv#row=22
N-MNIST,SNN-DFA,20260831,H3,800,basis_eval,timestep,completed_epoch_100,33.2442588043034,5.9484272707822825,383.1502733262303,0.0415553235053792,0.4789378416577878,b486ef7efe077a5e11dbfa4148cfa5a8ec90514c3508227a9bf491bde631d58a,results/frozen_sources/nmnist/spectral_metrics_per_seed.csv#row=24
N-MNIST,SNN-DFA,20260901,H1,800,basis_eval,timestep,completed_epoch_100,49.5920722082469,6.156307662460865,471.6832418205877,0.0619900902603086,0.5896040522757346,554990a77b2d2e8f6498d66d6182e5b9f7b8a61fd2c63c09d3ded066f44b5563,results/frozen_sources/nmnist/spectral_metrics_per_seed.csv#row=32
N-MNIST,SNN-DFA,20260901,H2,800,basis_eval,timestep,completed_epoch_100,34.045276655207715,6.001673610192041,404.1045413448045,0.0425565958190096,0.5051306766810056,554990a77b2d2e8f6498d66d6182e5b9f7b8a61fd2c63c09d3ded066f44b5563,results/frozen_sources/nmnist/spectral_metrics_per_seed.csv#row=34
N-MNIST,SNN-DFA,20260901,H3,800,basis_eval,timestep,completed_epoch_100,41.68307580580713,5.969187366391296,391.1876493187913,0.0521038447572589,0.4889845616484891,554990a77b2d2e8f6498d66d6182e5b9f7b8a61fd2c63c09d3ded066f44b5563,results/frozen_sources/nmnist/spectral_metrics_per_seed.csv#row=36
N-MNIST,SNN-DFA,20260908,H1,800,basis_eval,timestep,completed_epoch_100,54.376903728769086,6.149796433048668,468.62198112400233,0.0679711296609613,0.5857774764050029,9aad88592135096912c2e9971ced9f74b63d546bdd69208e989abf481efd833e,results/frozen_sources/nmnist/spectral_metrics_per_seed.csv#row=44
N-MNIST,SNN-DFA,20260908,H2,800,basis_eval,timestep,completed_epoch_100,34.584512110157725,6.0325253402923344,416.76617799115337,0.0432306401376971,0.5209577224889417,9aad88592135096912c2e9971ced9f74b63d546bdd69208e989abf481efd833e,results/frozen_sources/nmnist/spectral_metrics_per_seed.csv#row=46
N-MNIST,SNN-DFA,20260908,H3,800,basis_eval,timestep,completed_epoch_100,44.877746430415456,5.975161818880248,393.5317768104556,0.0560971830380193,0.4919147210130695,9aad88592135096912c2e9971ced9f74b63d546bdd69208e989abf481efd833e,results/frozen_sources/nmnist/spectral_metrics_per_seed.csv#row=48
N-MNIST,SNN-DFA,20260909,H1,800,basis_eval,timestep,completed_epoch_100,52.49342029089328,6.1395231779636426,463.83235263569344,0.0656167753636166,0.5797904407946168,0800c9e1ee7b4cf64c5099e83f65ae2c8adb1bf072ccdaa45be9f1911ae9bad7,results/frozen_sources/nmnist/spectral_metrics_per_seed.csv#row=56
N-MNIST,SNN-DFA,20260909,H2,800,basis_eval,timestep,completed_epoch_100,33.98108993861835,5.992686556518867,400.4891025474471,0.0424763624232729,0.5006113781843089,0800c9e1ee7b4cf64c5099e83f65ae2c8adb1bf072ccdaa45be9f1911ae9bad7,results/frozen_sources/nmnist/spectral_metrics_per_seed.csv#row=58
N-MNIST,SNN-DFA,20260909,H3,800,basis_eval,timestep,completed_epoch_100,36.91713315621613,5.942550290120197,380.9051104307971,0.0461464164452701,0.4761313880384963,0800c9e1ee7b4cf64c5099e83f65ae2c8adb1bf072ccdaa45be9f1911ae9bad7,results/frozen_sources/nmnist/spectral_metrics_per_seed.csv#row=60
N-MNIST,matched SNN-BPTT,20260830,H1,800,basis_eval,timestep,completed_epoch_100,4.575115207563208,2.43335430604155,11.397047219782966,0.005718894009454,0.0142463090247287,a0b1f2882ec75eaac0ffac0d00a6d8982401e9139ae70995d499e09e067c5b84,results/frozen_sources/nmnist/spectral_metrics_per_seed.csv#row=68
N-MNIST,matched SNN-BPTT,20260830,H2,800,basis_eval,timestep,completed_epoch_100,2.882588801086,2.3931214337473192,10.9476129136874,0.0036032360013574,0.0136845161421092,a0b1f2882ec75eaac0ffac0d00a6d8982401e9139ae70995d499e09e067c5b84,results/frozen_sources/nmnist/spectral_metrics_per_seed.csv#row=70
N-MNIST,matched SNN-BPTT,20260830,H3,800,basis_eval,timestep,completed_epoch_100,4.79150232163464,2.4562217882857404,11.660671721205034,0.0059893779020433,0.0145758396515062,a0b1f2882ec75eaac0ffac0d00a6d8982401e9139ae70995d499e09e067c5b84,results/frozen_sources/nmnist/spectral_metrics_per_seed.csv#row=72
N-MNIST,matched SNN-BPTT,20260831,H1,800,basis_eval,timestep,completed_epoch_100,1.6723815611879655,1.509973425302605,4.526610499411611,0.0020904769514849,0.0056582631242645,357d3640f99b0cfbbb828f68ee6a43f64e1a763012803411748d5deacc093fb7,results/frozen_sources/nmnist/spectral_metrics_per_seed.csv#row=80
N-MNIST,matched SNN-BPTT,20260831,H2,800,basis_eval,timestep,completed_epoch_100,1.5630801797513287,1.56905658934752,4.802115689009256,0.0019538502246891,0.0060026446112615,357d3640f99b0cfbbb828f68ee6a43f64e1a763012803411748d5deacc093fb7,results/frozen_sources/nmnist/spectral_metrics_per_seed.csv#row=82
N-MNIST,matched SNN-BPTT,20260831,H3,800,basis_eval,timestep,completed_epoch_100,1.5695249454261682,1.461287066558024,4.311505152882741,0.0019619061817827,0.0053893814411034,357d3640f99b0cfbbb828f68ee6a43f64e1a763012803411748d5deacc093fb7,results/frozen_sources/nmnist/spectral_metrics_per_seed.csv#row=84
N-MNIST,matched SNN-BPTT,20260901,H1,800,basis_eval,timestep,completed_epoch_100,1.7585561803988434,1.4099436637843832,4.095724659944062,0.0021981952254985,0.00511965582493,e6fa6653b618112c29d0cb33a3a241b19ca29b81f1b30d540f6941d226efd493,results/frozen_sources/nmnist/spectral_metrics_per_seed.csv#row=92
N-MNIST,matched SNN-BPTT,20260901,H2,800,basis_eval,timestep,completed_epoch_100,2.4243378184196698,1.649563297869611,5.204706424432469,0.0030304222730245,0.0065058830305405,e6fa6653b618112c29d0cb33a3a241b19ca29b81f1b30d540f6941d226efd493,results/frozen_sources/nmnist/spectral_metrics_per_seed.csv#row=94
N-MNIST,matched SNN-BPTT,20260901,H3,800,basis_eval,timestep,completed_epoch_100,1.6474949995785335,1.3366589849066692,3.806305314465894,0.0020593687494731,0.0047578816430823,e6fa6653b618112c29d0cb33a3a241b19ca29b81f1b30d540f6941d226efd493,results/frozen_sources/nmnist/spectral_metrics_per_seed.csv#row=96
N-MNIST,matched SNN-BPTT,20260908,H1,800,basis_eval,timestep,completed_epoch_100,2.5380060016607078,2.1969392348857717,8.997432284302533,0.0031725075020758,0.0112467903553781,da788649d6b999c28f343f26c74881473c1d5361ccde354e476bd8389f242354,results/frozen_sources/nmnist/spectral_metrics_per_seed.csv#row=104
N-MNIST,matched SNN-BPTT,20260908,H2,800,basis_eval,timestep,completed_epoch_100,2.584733093843374,1.9812249936302404,7.251620735667044,0.0032309163673042,0.0090645259195838,da788649d6b999c28f343f26c74881473c1d5361ccde354e476bd8389f242354,results/frozen_sources/nmnist/spectral_metrics_per_seed.csv#row=106
N-MNIST,matched SNN-BPTT,20260908,H3,800,basis_eval,timestep,completed_epoch_100,2.413798642131956,1.799446012892555,6.046296965865262,0.0030172483026649,0.0075578712073315,da788649d6b999c28f343f26c74881473c1d5361ccde354e476bd8389f242354,results/frozen_sources/nmnist/spectral_metrics_per_seed.csv#row=108
N-MNIST,matched SNN-BPTT,20260909,H1,800,basis_eval,timestep,completed_epoch_100,3.98487991448457,2.528443182574363,12.53397782451435,0.0049810998931057,0.0156674722806429,f9dc34813fda3e71c51cef44b549d13de3c75bc85a692aab5d81bf6e2e52a92e,results/frozen_sources/nmnist/spectral_metrics_per_seed.csv#row=116
N-MNIST,matched SNN-BPTT,20260909,H2,800,basis_eval,timestep,completed_epoch_100,5.307862077167381,2.62819813992247,13.848793818479916,0.0066348275964592,0.0173109922730998,f9dc34813fda3e71c51cef44b549d13de3c75bc85a692aab5d81bf6e2e52a92e,results/frozen_sources/nmnist/spectral_metrics_per_seed.csv#row=118
N-MNIST,matched SNN-BPTT,20260909,H3,800,basis_eval,timestep,completed_epoch_100,2.8383711135412373,2.1160190282287634,8.298037393511741,0.0035479638919265,0.0103725467418896,f9dc34813fda3e71c51cef44b549d13de3c75bc85a692aab5d81bf6e2e52a92e,results/frozen_sources/nmnist/spectral_metrics_per_seed.csv#row=120
N-MNIST,temporal ANN-DFA,20260830,H1,800,basis_eval,timestep,completed_epoch_100,11.299350085555766,5.279821817249241,196.33488874433948,0.0141241876069447,0.2454186109304243,e9da049cb3b321aa4f5700c71788e8d685b721f654fbafc0fe94502dde8dcc50,results/frozen_sources/nmnist/spectral_metrics_per_seed.csv#row=128
N-MNIST,temporal ANN-DFA,20260830,H2,800,basis_eval,timestep,completed_epoch_100,9.040062030377737,4.00773530781531,55.022121189473005,0.0113000775379721,0.0687776514868412,e9da049cb3b321aa4f5700c71788e8d685b721f654fbafc0fe94502dde8dcc50,results/frozen_sources/nmnist/spectral_metrics_per_seed.csv#row=130
N-MNIST,temporal ANN-DFA,20260830,H3,800,basis_eval,timestep,completed_epoch_100,8.004640046204486,3.631853820398165,37.78279424883873,0.0100058000577556,0.0472284928110484,e9da049cb3b321aa4f5700c71788e8d685b721f654fbafc0fe94502dde8dcc50,results/frozen_sources/nmnist/spectral_metrics_per_seed.csv#row=132
N-MNIST,temporal ANN-DFA,20260831,H1,800,basis_eval,timestep,completed_epoch_100,11.724735279989597,5.595541081772297,269.2232825000316,0.0146559190999869,0.3365291031250395,582eaf2e63392b550e7f2d3208dda5e5757d7501c5ad43b98913f4a243bac29c,results/frozen_sources/nmnist/spectral_metrics_per_seed.csv#row=140
N-MNIST,temporal ANN-DFA,20260831,H2,800,basis_eval,timestep,completed_epoch_100,10.098933459481254,4.199720921346304,66.6677229061257,0.0126236668243515,0.0833346536326571,582eaf2e63392b550e7f2d3208dda5e5757d7501c5ad43b98913f4a243bac29c,results/frozen_sources/nmnist/spectral_metrics_per_seed.csv#row=142
N-MNIST,temporal ANN-DFA,20260831,H3,800,basis_eval,timestep,completed_epoch_100,8.562335975897657,3.80059020072324,44.72757495178621,0.010702919969872,0.0559094686897327,582eaf2e63392b550e7f2d3208dda5e5757d7501c5ad43b98913f4a243bac29c,results/frozen_sources/nmnist/spectral_metrics_per_seed.csv#row=144
N-MNIST,temporal ANN-DFA,20260901,H1,800,basis_eval,timestep,completed_epoch_100,19.451566838291257,5.78704694213585,326.04876045697534,0.024314458547864,0.4075609505712191,a6a1094ccb95d20bfdabf58320ff0c4ae9650d4ddb8667a1533d5db24a016a56,results/frozen_sources/nmnist/spectral_metrics_per_seed.csv#row=152
N-MNIST,temporal ANN-DFA,20260901,H2,800,basis_eval,timestep,completed_epoch_100,9.643524788173188,4.2655418983386495,71.20349457611128,0.0120544059852164,0.0890043682201391,a6a1094ccb95d20bfdabf58320ff0c4ae9650d4ddb8667a1533d5db24a016a56,results/frozen_sources/nmnist/spectral_metrics_per_seed.csv#row=154
N-MNIST,temporal ANN-DFA,20260901,H3,800,basis_eval,timestep,completed_epoch_100,7.44574058385848,3.857193185659882,47.33231173609002,0.009307175729823,0.0591653896701125,a6a1094ccb95d20bfdabf58320ff0c4ae9650d4ddb8667a1533d5db24a016a56,results/frozen_sources/nmnist/spectral_metrics_per_seed.csv#row=156
N-MNIST,temporal ANN-DFA,20260908,H1,800,basis_eval,timestep,completed_epoch_100,9.479222643300744,5.526223921089165,251.19359108933168,0.0118490283041259,0.3139919888616646,072604c237c2e886f379d46bf801b4f1fde4a069ae7dd08428aa34fc079c1ecb,results/frozen_sources/nmnist/spectral_metrics_per_seed.csv#row=164
N-MNIST,temporal ANN-DFA,20260908,H2,800,basis_eval,timestep,completed_epoch_100,9.646108154228484,4.399611068849881,81.41919604457362,0.0120576351927856,0.101773995055717,072604c237c2e886f379d46bf801b4f1fde4a069ae7dd08428aa34fc079c1ecb,results/frozen_sources/nmnist/spectral_metrics_per_seed.csv#row=166
N-MNIST,temporal ANN-DFA,20260908,H3,800,basis_eval,timestep,completed_epoch_100,8.93377688886896,3.807059368118773,45.01786307017882,0.0111672211110862,0.0562723288377235,072604c237c2e886f379d46bf801b4f1fde4a069ae7dd08428aa34fc079c1ecb,results/frozen_sources/nmnist/spectral_metrics_per_seed.csv#row=168
N-MNIST,temporal ANN-DFA,20260909,H1,800,basis_eval,timestep,completed_epoch_100,24.71287021049585,5.946372349929966,382.3637382504408,0.0308910877631198,0.4779546728130509,81fd5ae699ebe89c5d21e5b3a8f967322f1c97a6d1f3042a2eccfcdc6da0dd0e,results/frozen_sources/nmnist/spectral_metrics_per_seed.csv#row=176
N-MNIST,temporal ANN-DFA,20260909,H2,800,basis_eval,timestep,completed_epoch_100,10.07465246389669,4.600438698925214,99.52796887889556,0.0125933155798708,0.1244099610986194,81fd5ae699ebe89c5d21e5b3a8f967322f1c97a6d1f3042a2eccfcdc6da0dd0e,results/frozen_sources/nmnist/spectral_metrics_per_seed.csv#row=178
N-MNIST,temporal ANN-DFA,20260909,H3,800,basis_eval,timestep,completed_epoch_100,6.53063312966606,3.71475707804648,41.04861426356701,0.0081632914120825,0.0513107678294587,81fd5ae699ebe89c5d21e5b3a8f967322f1c97a6d1f3042a2eccfcdc6da0dd0e,results/frozen_sources/nmnist/spectral_metrics_per_seed.csv#row=180
N-MNIST,MeanGate,20260830,H1,800,basis_eval,timestep,completed_epoch_100,26.506219331148017,5.030308531336527,152.98020460213738,0.033132774163935,0.1912252557526717,01dd13b84fc1529257bc4f2248e91b56196e7f5c2918f6a8c2d3f135bfbb8def,results/frozen_sources/nmnist/spectral_metrics_per_seed.csv#row=188
N-MNIST,MeanGate,20260830,H2,800,basis_eval,timestep,completed_epoch_100,26.642001635206334,5.047923409856643,155.69880594387726,0.0333025020440079,0.1946235074298465,01dd13b84fc1529257bc4f2248e91b56196e7f5c2918f6a8c2d3f135bfbb8def,results/frozen_sources/nmnist/spectral_metrics_per_seed.csv#row=190
N-MNIST,MeanGate,20260830,H3,800,basis_eval,timestep,completed_epoch_100,25.927144888495448,5.0356598458379205,153.80104411581289,0.0324089311106193,0.1922513051447661,01dd13b84fc1529257bc4f2248e91b56196e7f5c2918f6a8c2d3f135bfbb8def,results/frozen_sources/nmnist/spectral_metrics_per_seed.csv#row=192
N-MNIST,MeanGate,20260831,H1,800,basis_eval,timestep,completed_epoch_100,26.499843196034284,5.0223743027795456,151.7712271879795,0.0331248039950428,0.1897140339849743,e3828627eaa748905bfcf0d20803a71acae440a27dee9ecaee8e4a17360ffc40,results/frozen_sources/nmnist/spectral_metrics_per_seed.csv#row=200
N-MNIST,MeanGate,20260831,H2,800,basis_eval,timestep,completed_epoch_100,31.967920180856368,5.0776630322516425,160.3987708305139,0.0399599002260704,0.2004984635381423,e3828627eaa748905bfcf0d20803a71acae440a27dee9ecaee8e4a17360ffc40,results/frozen_sources/nmnist/spectral_metrics_per_seed.csv#row=202
N-MNIST,MeanGate,20260831,H3,800,basis_eval,timestep,completed_epoch_100,24.301677570733823,5.013504252701888,150.43096170088404,0.0303770969634172,0.188038702126105,e3828627eaa748905bfcf0d20803a71acae440a27dee9ecaee8e4a17360ffc40,results/frozen_sources/nmnist/spectral_metrics_per_seed.csv#row=204
N-MNIST,MeanGate,20260901,H1,800,basis_eval,timestep,completed_epoch_100,25.03459055213854,5.024916761493527,152.15759021497365,0.0312932381901731,0.190196987768717,0f375c4e4900c40a1a6fbb1fe2881ddab1d8194400528405b6ba6218d9121d7a,results/frozen_sources/nmnist/spectral_metrics_per_seed.csv#row=212
N-MNIST,MeanGate,20260901,H2,800,basis_eval,timestep,completed_epoch_100,25.660755064033104,4.995912340545449,147.80773487662236,0.0320759438300413,0.1847596685957779,0f375c4e4900c40a1a6fbb1fe2881ddab1d8194400528405b6ba6218d9121d7a,results/frozen_sources/nmnist/spectral_metrics_per_seed.csv#row=214
N-MNIST,MeanGate,20260901,H3,800,basis_eval,timestep,completed_epoch_100,42.49524734481791,5.033362275982057,153.44808110690605,0.0531190591810223,0.1918101013836325,0f375c4e4900c40a1a6fbb1fe2881ddab1d8194400528405b6ba6218d9121d7a,results/frozen_sources/nmnist/spectral_metrics_per_seed.csv#row=216
N-MNIST,MeanGate,20260908,H1,800,basis_eval,timestep,completed_epoch_100,26.11457025854628,5.005622352756963,149.24994037228646,0.0326432128231828,0.186562425465358,4f6543e926f6caf3499bdb2eab1c969579baa9846b5a8022e7ea364f951cc4cd,results/frozen_sources/nmnist/spectral_metrics_per_seed.csv#row=224
N-MNIST,MeanGate,20260908,H2,800,basis_eval,timestep,completed_epoch_100,25.603922703413023,5.030100505929417,152.94838414264203,0.0320049033792662,0.1911854801783025,4f6543e926f6caf3499bdb2eab1c969579baa9846b5a8022e7ea364f951cc4cd,results/frozen_sources/nmnist/spectral_metrics_per_seed.csv#row=226
N-MNIST,MeanGate,20260908,H3,800,basis_eval,timestep,completed_epoch_100,32.557644757200364,4.93702803237456,139.3554735590298,0.0406970559465004,0.1741943419487872,4f6543e926f6caf3499bdb2eab1c969579baa9846b5a8022e7ea364f951cc4cd,results/frozen_sources/nmnist/spectral_metrics_per_seed.csv#row=228
N-MNIST,MeanGate,20260909,H1,800,basis_eval,timestep,completed_epoch_100,21.83510082801972,5.0288394420013525,152.75562801698723,0.0272938760350246,0.190944535021234,4fe3c1e770a5dd4feaf9d90eebd3c46dc0c459695f8834d3a925086fc5d60654,results/frozen_sources/nmnist/spectral_metrics_per_seed.csv#row=236
N-MNIST,MeanGate,20260909,H2,800,basis_eval,timestep,completed_epoch_100,29.59897902294325,5.023653907353336,151.96555865165757,0.036998723778679,0.1899569483145719,4fe3c1e770a5dd4feaf9d90eebd3c46dc0c459695f8834d3a925086fc5d60654,results/frozen_sources/nmnist/spectral_metrics_per_seed.csv#row=238
N-MNIST,MeanGate,20260909,H3,800,basis_eval,timestep,completed_epoch_100,21.888743891789066,5.013073365592923,150.36615690147696,0.0273609298647363,0.1879576961268462,4fe3c1e770a5dd4feaf9d90eebd3c46dc0c459695f8834d3a925086fc5d60654,results/frozen_sources/nmnist/spectral_metrics_per_seed.csv#row=240
N-MNIST,ShuffledGate,20260830,H1,800,basis_eval,timestep,completed_epoch_100,81.44989390316843,6.247531436874457,516.735654347156,0.1018123673789605,0.645919567933945,24d244f8706a1aa0070a87a7ad98a8b74e4936318e21ef2e65013e84971fac29,results/frozen_sources/nmnist/spectral_metrics_per_seed.csv#row=248
N-MNIST,ShuffledGate,20260830,H2,800,basis_eval,timestep,completed_epoch_100,43.778208014114895,6.002459959082033,404.4224334730123,0.0547227600176436,0.5055280418412653,24d244f8706a1aa0070a87a7ad98a8b74e4936318e21ef2e65013e84971fac29,results/frozen_sources/nmnist/spectral_metrics_per_seed.csv#row=250
N-MNIST,ShuffledGate,20260830,H3,800,basis_eval,timestep,completed_epoch_100,44.554835280171154,5.890865788742279,361.71832049091546,0.0556935441002139,0.4521479006136443,24d244f8706a1aa0070a87a7ad98a8b74e4936318e21ef2e65013e84971fac29,results/frozen_sources/nmnist/spectral_metrics_per_seed.csv#row=252
N-MNIST,ShuffledGate,20260831,H1,800,basis_eval,timestep,completed_epoch_100,87.20392297341388,6.2420978787388055,513.9355552681322,0.1090049037167673,0.6424194440851653,3cc680946d3d3d57547f7a6888864fddcff727bc1ef1cf30daff6768ea2e1c85,results/frozen_sources/nmnist/spectral_metrics_per_seed.csv#row=260
N-MNIST,ShuffledGate,20260831,H2,800,basis_eval,timestep,completed_epoch_100,47.62285107423707,5.989503328114126,399.2162811757863,0.0595285638427963,0.4990203514697328,3cc680946d3d3d57547f7a6888864fddcff727bc1ef1cf30daff6768ea2e1c85,results/frozen_sources/nmnist/spectral_metrics_per_seed.csv#row=262
N-MNIST,ShuffledGate,20260831,H3,800,basis_eval,timestep,completed_epoch_100,30.41035386558694,5.916035836371077,370.9383351916077,0.0380129423319836,0.4636729189895096,3cc680946d3d3d57547f7a6888864fddcff727bc1ef1cf30daff6768ea2e1c85,results/frozen_sources/nmnist/spectral_metrics_per_seed.csv#row=264
N-MNIST,ShuffledGate,20260901,H1,800,basis_eval,timestep,completed_epoch_100,103.17128366106432,6.244486353905396,515.1645447002244,0.1289641045763304,0.6439556808752804,5de9c6b1dd2a33bc7ada5f0431c39bf97831e179699f7cf6af09f3ba37944213,results/frozen_sources/nmnist/spectral_metrics_per_seed.csv#row=272
N-MNIST,ShuffledGate,20260901,H2,800,basis_eval,timestep,completed_epoch_100,59.017297045262936,6.03694981944939,418.6142365926215,0.0737716213065786,0.5232677957407769,5de9c6b1dd2a33bc7ada5f0431c39bf97831e179699f7cf6af09f3ba37944213,results/frozen_sources/nmnist/spectral_metrics_per_seed.csv#row=274
N-MNIST,ShuffledGate,20260901,H3,800,basis_eval,timestep,completed_epoch_100,52.66503260198126,5.830100988878012,340.39305324854547,0.0658312907524765,0.4254913165606818,5de9c6b1dd2a33bc7ada5f0431c39bf97831e179699f7cf6af09f3ba37944213,results/frozen_sources/nmnist/spectral_metrics_per_seed.csv#row=276
N-MNIST,ShuffledGate,20260908,H1,800,basis_eval,timestep,completed_epoch_100,81.0269818724345,6.249370951629935,517.6870720131417,0.1012837273405431,0.6471088400164271,4d69e086b10457295c0e51da08bcda190d63bf8bb19a0d30d9284a27653879cb,results/frozen_sources/nmnist/spectral_metrics_per_seed.csv#row=284
N-MNIST,ShuffledGate,20260908,H2,800,basis_eval,timestep,completed_epoch_100,69.73661380857699,6.031920273712816,416.5140829802015,0.0871707672607212,0.520642603725252,4d69e086b10457295c0e51da08bcda190d63bf8bb19a0d30d9284a27653879cb,results/frozen_sources/nmnist/spectral_metrics_per_seed.csv#row=286
N-MNIST,ShuffledGate,20260908,H3,800,basis_eval,timestep,completed_epoch_100,68.7078713395975,5.99533727195675,401.55209341501774,0.0858848391744968,0.5019401167687721,4d69e086b10457295c0e51da08bcda190d63bf8bb19a0d30d9284a27653879cb,results/frozen_sources/nmnist/spectral_metrics_per_seed.csv#row=288
N-MNIST,ShuffledGate,20260909,H1,800,basis_eval,timestep,completed_epoch_100,101.82728464214937,6.245465146357361,515.6690307213756,0.1272841058026866,0.6445862884017195,60b10a243add56995bb973da501c313d1203d82be1b61fe97e00a4ab6f6096e9,results/frozen_sources/nmnist/spectral_metrics_per_seed.csv#row=296
N-MNIST,ShuffledGate,20260909,H2,800,basis_eval,timestep,completed_epoch_100,87.19591715655474,6.062366415041462,429.390351317263,0.1089948964456934,0.5367379391465787,60b10a243add56995bb973da501c313d1203d82be1b61fe97e00a4ab6f6096e9,results/frozen_sources/nmnist/spectral_metrics_per_seed.csv#row=298
N-MNIST,ShuffledGate,20260909,H3,800,basis_eval,timestep,completed_epoch_100,50.30752703317938,5.918539928655512,371.8683629664731,0.0628844087914742,0.4648354537080914,60b10a243add56995bb973da501c313d1203d82be1b61fe97e00a4ab6f6096e9,results/frozen_sources/nmnist/spectral_metrics_per_seed.csv#row=300
